endTime,artistName,trackName,msPlayed
2022-10-01 03:22,Mark Ronson,Uptown Funk (feat. Bruno Mars),30116
2022-10-06 11:18,Mangli,Saranga Dariya,230048
2022-10-06 11:22,Imagine Dragons,Believer,204346
2022-10-06 11:24,Manu Pilas,Bella Ciao - Música Original de la Serie la Casa de Papel/ Money Heist,139844
2022-10-06 11:28,Sid Sriram,Samajavaragamana,219818
2022-10-06 11:31,Daler Mehndi,Saahore Baahubali,202378
2022-10-06 11:34,Ranveer Singh,Apna Time Aayega,140463
2022-10-06 11:36,Sohail Sen,"Shaitan Ka Saala (From ""Housefull 4"")",147395
2022-10-06 11:46,Shankar Mahadevan,Hanuman Chalisa,569440
2022-10-06 11:49,Manu Pilas,Bella Ciao - Música Original de la Serie la Casa de Papel/ Money Heist,139844
2022-10-06 11:53,Mangli,Saranga Dariya,230048
2022-10-06 11:57,Imagine Dragons,Believer,204346
2022-10-06 12:00,Ranveer Singh,Apna Time Aayega,140463
2022-10-06 12:03,Sid Sriram,Samajavaragamana,219818
2022-10-06 12:07,Sohail Sen,"Shaitan Ka Saala (From ""Housefull 4"")",147395
2022-10-06 12:10,Daler Mehndi,Jagga Jiteya,191489
2022-10-06 12:14,Amit Trivedi,Naina Da Kya Kasoor,210951
2022-10-06 12:18,Imagine Dragons,Thunder,187146
2022-10-06 12:20,DIVINE,Sher Aaya Sher,134351
2022-10-06 12:24,Shivam Pathak,Khalibali,258893
2022-10-06 12:28,Ajey Nagar (CarryMinati),Yalgaar,195652
2022-10-06 12:31,Ritviz,Udd Gaye,180413
2022-10-06 12:35,Twenty One Pilots,Heathens,195920
2022-10-06 12:38,Imagine Dragons,Enemy (with JID) - from the series Arcane League of Legends,173381
2022-10-06 12:42,Ranveer Singh,Mere Gully Mein,185000
2022-10-06 12:46,Indila,Dernière danse,213493
2022-10-06 12:49,The Gypsy Queens,L'Americano,119093
2022-10-06 12:51,DIVINE,Kaam 25 - Sacred Games,149524
2022-10-06 12:54,Ritviz,Liggi,181176
2022-10-06 12:58,Imagine Dragons,Whatever It Takes,201240
2022-10-06 13:01,Ranveer Singh,Doori,7333
2022-10-18 08:28,Lex Fridman Podcast,"#330 – Hikaru Nakamura: Chess, Magnus, Kasparov, and the Psychology of Greatness",4083879
2022-10-30 03:19,Huberman Lab,Dr. Eddie Chang: The Science of Learning & Speaking Languages,5358880
2022-11-15 03:51,The Weeknd,Blinding Lights,76880
2022-11-15 04:16,The Weeknd,Blinding Lights,123137
2022-11-15 04:20,Imagine Dragons,Enemy (with JID) - from the series Arcane League of Legends,173381
2022-11-15 04:22,Lil Nas X,Old Town Road,113000
2022-11-15 04:26,Billie Eilish,bad guy,194087
2022-11-15 04:28,Tones And I,Dance Monkey,61257
2022-11-15 04:28,Thunder,Dancing in the Sunshine,4252
2022-11-15 04:28,Toploader,Dancing in the Moonlight,2030
2022-11-15 04:28,Chaky,Dancing In The Sunset,5128
2022-11-15 04:34,Scott Buckley,Chasing Daylight,8440
2022-11-15 04:34,Scott Buckley,Chasing Daylight,6525
2022-11-15 04:34,Toploader,Dancing in the Moonlight,24760
2022-11-15 04:34,Scott Buckley,Chasing Daylight,30653
2022-11-15 04:37,CloudNone,Chasing Daylight,155160
2022-11-15 04:40,CloudNone,Without U,197680
2022-11-15 04:46,CloudNone,Lost and Found,257813
2022-11-15 04:50,CloudNone,Anonymous,272727
2022-11-15 04:55,CloudNone,Changed,250003
2022-11-15 05:00,CloudNone,Stay,292346
2022-11-15 05:33,CloudNone,Let The Music In,255146
2022-11-15 20:30,Huberman Lab,Science-Based Tools for Increasing Happiness,1894240
2022-11-18 14:50,Huberman Lab,"Dr. Andy Galpin: How to Build Strength, Muscle Size & Endurance",2106478
2022-11-26 17:36,Huberman Lab,The Science & Treatment of Bipolar Disorder,0
2022-11-26 17:36,Huberman Lab,Dr. Emily Balcetis: Tools for Setting & Achieving Goals,7736
2022-11-26 17:36,Huberman Lab,Dr. Emily Balcetis: Tools for Setting & Achieving Goals,0
2022-11-26 17:36,Huberman Lab,Sleep Toolkit: Tools for Optimizing Sleep & Sleep-Wake Timing,201454
2022-11-26 18:19,Huberman Lab,Sleep Toolkit: Tools for Optimizing Sleep & Sleep-Wake Timing,1327094
2022-11-27 04:31,Huberman Lab,Sleep Toolkit: Tools for Optimizing Sleep & Sleep-Wake Timing,194329
2022-11-27 15:00,Huberman Lab,Sleep Toolkit: Tools for Optimizing Sleep & Sleep-Wake Timing,1631147
2022-11-27 16:15,Huberman Lab,Sleep Toolkit: Tools for Optimizing Sleep & Sleep-Wake Timing,710836
2022-11-29 13:01,Mark Ronson,Uptown Funk (feat. Bruno Mars),61357
2022-11-29 13:15,Mark Ronson,Uptown Funk (feat. Bruno Mars),208310
2022-11-29 13:18,The Chainsmokers,Don't Let Me Down,97837
2022-11-29 14:42,The Chainsmokers,Don't Let Me Down,110613
2022-11-29 14:46,Imagine Dragons,Thunder,187146
2022-11-29 14:50,Imagine Dragons,Believer,204346
2022-11-29 14:52,Sohail Sen,"Shaitan Ka Saala (From ""Housefull 4"")",147395
2022-11-29 14:56,Clean Bandit,Solo (feat. Demi Lovato),222653
2022-11-29 14:59,AronChupa,I'm an Albatraoz,166848
2022-11-29 15:02,AronChupa,Little Swing,163809
2022-11-29 15:05,Manu Pilas,Bella Ciao - Música Original de la Serie la Casa de Papel/ Money Heist,139844
2022-11-30 03:31,Lex Fridman Podcast,#339 – Climate Change Debate: Bjørn Lomborg and Andrew Revkin,0
2022-11-30 03:31,Lex Fridman Podcast,#340 – Chris Tarbell: FBI Agent Who Took Down Silk Road,0
2022-11-30 03:31,Lex Fridman Podcast,#340 – Chris Tarbell: FBI Agent Who Took Down Silk Road,497
2022-11-30 03:31,Lex Fridman Podcast,"#342 – Todd Howard: Skyrim, Elder Scrolls 6, Fallout, and Starfield",901901
2022-11-30 03:31,Lex Fridman Podcast,#341 – Guido van Rossum: Python and the Future of Programming,19129
2022-11-30 03:31,Lex Fridman Podcast,#341 – Guido van Rossum: Python and the Future of Programming,299
2022-11-30 04:02,Lex Fridman Podcast,"#342 – Todd Howard: Skyrim, Elder Scrolls 6, Fallout, and Starfield",1019429
2022-11-30 05:14,Lex Fridman Podcast,"#342 – Todd Howard: Skyrim, Elder Scrolls 6, Fallout, and Starfield",1596556
2022-11-30 18:22,Lex Fridman Podcast,"#342 – Todd Howard: Skyrim, Elder Scrolls 6, Fallout, and Starfield",5667267
2022-12-01 17:23,Lex Fridman Podcast,"#342 – Todd Howard: Skyrim, Elder Scrolls 6, Fallout, and Starfield",19066
2022-12-01 17:23,Lex Fridman Podcast,#243 - Kevin Systrom: Instagram,0
2022-12-01 18:38,Lex Fridman Podcast,#341 – Guido van Rossum: Python and the Future of Programming,4457640
2022-12-04 04:04,Lex Fridman Podcast,#341 – Guido van Rossum: Python and the Future of Programming,1522
2022-12-04 05:03,Huberman Lab,Dr. Chris Palmer: Diet & Nutrition for Mental Health,332888
2022-12-04 05:34,Lex Fridman Podcast,"#331 – Balaji Srinivasan: How to Fix Government, Twitter, Science, and the FDA",1642134
2022-12-04 15:02,Lex Fridman Podcast,"#331 – Balaji Srinivasan: How to Fix Government, Twitter, Science, and the FDA",309251
2022-12-06 05:07,Mark Ronson,Uptown Funk (feat. Bruno Mars),269661
2022-12-06 05:27,The Chainsmokers,Don't Let Me Down,208316
2022-12-06 06:53,Imagine Dragons,Thunder,156851
2022-12-06 06:57,Imagine Dragons,Believer,204137
2022-12-06 06:59,Sohail Sen,"Shaitan Ka Saala (From ""Housefull 4"")",147275
2022-12-06 07:03,Clean Bandit,Solo (feat. Demi Lovato),222427
2022-12-06 07:06,AronChupa,I'm an Albatraoz,166669
2022-12-06 07:09,AronChupa,Little Swing,163700
2022-12-06 07:11,Manu Pilas,Bella Ciao - Música Original de la Serie la Casa de Papel/ Money Heist,139608
2022-12-06 07:13,Masked Wolf,Astronaut In The Ocean - Alok Remix,128166
2022-12-06 13:37,Imagine Dragons,Thunder,30147
2022-12-06 13:37,Mangli,Saranga Dariya,217048
2022-12-07 13:19,Zoë Keating,Forest,44841
2022-12-07 13:27,Zoë Keating,Frozen Angels,427007
2022-12-07 14:11,Zoë Keating,Optimist,300536
2022-12-07 14:16,Zoë Keating,Flying & Flocking,296816
2022-12-07 14:26,Zoë Keating,Escape Artist,394443
2022-12-07 14:30,Zoë Keating,We Insist,224745
2022-12-07 14:32,Zoë Keating,The Last Bird,116742
2022-12-07 14:40,Zoë Keating,Fern,499924
2022-12-07 14:47,Zoë Keating,Seven League Boots,370044
2022-12-07 14:52,Zoë Keating,The Path,342637
2022-12-07 14:57,Zoë Keating,Hello Night,268466
2022-12-07 15:01,Zoë Keating,Optimist (Live),249399
2022-12-07 15:06,Zoë Keating,Possible,319564
2022-12-07 15:12,Zoë Keating,Legions (War),361879
2022-12-07 15:19,Zoë Keating,Legions (Aftermath),399748
2022-12-07 15:24,Zoë Keating,Don't Worry,303751
2022-12-07 16:02,Zoë Keating,Legions (Reverie),306254
2022-12-07 16:09,Zoë Keating,Tetrishead,459763
2022-12-07 16:18,Zoë Keating,Lost,370189
2022-12-07 16:20,Sylvain Chauveau,Ferme Les Yeux,68421
2022-12-07 16:27,Keith Kenniff,Receives,91815
2022-12-07 17:26,Sufjan Stevens,Redford (For Yia-Yia & Pappou),111898
2022-12-07 17:55,Zoë Keating,We Insist,226227
2022-12-07 17:57,Sufjan Stevens,Redford (For Yia-Yia & Pappou),110604
2022-12-07 18:06,Zoë Keating,Fern,499842
2022-12-07 18:13,Zoë Keating,Frozen Angels,427117
2022-12-07 18:20,Zoë Keating,Tetrishead,459801
2022-12-07 18:26,Zoë Keating,Forest,44799
2022-12-07 18:26,Zoë Keating,Don't Worry,303775
2022-12-07 18:30,Zoë Keating,Optimist (Live),249327
2022-12-07 18:37,Zoë Keating,Legions (War),361963
2022-12-07 18:39,Zoë Keating,The Last Bird,116782
2022-12-07 18:45,Zoë Keating,Seven League Boots,370188
2022-12-07 18:51,Zoë Keating,Legions (Aftermath),399672
2022-12-07 18:57,Zoë Keating,Optimist,301931
2022-12-07 19:02,Zoë Keating,Possible,319433
2022-12-07 19:07,Zoë Keating,Flying & Flocking,296604
2022-12-08 02:41,Zoë Keating,Hello Night,202616
2022-12-08 02:42,Zoë Keating,Hello Night,65885
2022-12-08 02:46,Zoë Keating,We Insist,226221
2022-12-08 02:52,Zoë Keating,Lost,370181
2022-12-08 03:00,Zoë Keating,Tetrishead,459767
2022-12-08 03:07,Zoë Keating,Frozen Angels,427061
2022-12-08 03:09,Zoë Keating,The Last Bird,116809
2022-12-08 03:15,Zoë Keating,Legions (Aftermath),399667
2022-12-08 03:20,Zoë Keating,Optimist,301941
2022-12-08 03:27,Zoë Keating,Possible,256749
2022-12-08 03:33,Zoë Keating,Seven League Boots,370746
2022-12-08 03:40,Zoë Keating,Escape Artist,394506
2022-12-08 03:47,Zoë Keating,Don't Worry,303893
2022-12-08 03:53,Zoë Keating,Possible,19941
2022-12-08 03:54,Zoë Keating,Frozen Angels,427120
2022-12-08 03:54,Zoë Keating,Escape Artist,77214
2022-12-08 03:56,Zoë Keating,The Last Bird,116920
2022-12-08 04:01,Zoë Keating,Optimist (Live),249466
2022-12-08 04:07,Zoë Keating,Flying & Flocking,296813
2022-12-08 04:12,Zoë Keating,Optimist,301960
2022-12-08 04:19,Zoë Keating,Legions (Aftermath),399880
2022-12-08 04:21,Zoë Keating,Forest,45000
2022-12-08 04:27,Zoë Keating,The Path,342840
2022-12-08 04:34,Zoë Keating,Legions (War),362013
2022-12-08 04:40,Zoë Keating,Lost,370653
2022-12-08 04:49,Zoë Keating,Tetrishead,459880
2022-12-08 04:54,Zoë Keating,We Insist,226226
2022-12-08 04:59,Zoë Keating,Legions (Reverie),306293
2022-12-08 05:04,Zoë Keating,Hello Night,268493
2022-12-08 05:13,Zoë Keating,Fern,500893
2022-12-08 08:04,Huberman Lab,"Dr. Lex Fridman: Navigating Conflict, Finding Purpose & Maintaining Drive",391040
2022-12-08 10:51,Huberman Lab,"Dr. Lex Fridman: Navigating Conflict, Finding Purpose & Maintaining Drive",2240778
2022-12-08 14:13,Huberman Lab,"Dr. Lex Fridman: Navigating Conflict, Finding Purpose & Maintaining Drive",232520
2022-12-09 02:36,Sufjan Stevens,Redford (For Yia-Yia & Pappou),49483
2022-12-09 02:40,Mark Ronson,Uptown Funk (feat. Bruno Mars),269550
2022-12-09 02:51,The Chainsmokers,Don't Let Me Down,208257
2022-12-09 02:54,Sid Sriram,Samajavaragamana,219796
2022-12-09 02:56,Queen,We Will Rock You - Remastered 2011,121856
2022-12-09 02:59,AronChupa,Little Swing,163803
2022-12-09 03:03,Mangli,Saranga Dariya,229960
2022-12-09 08:27,Masked Wolf,Astronaut In The Ocean - Alok Remix,128372
2022-12-09 08:39,Mangli,Saranga Dariya,227592
2022-12-09 09:22,Imagine Dragons,Thunder,9152
2022-12-09 09:22,Huberman Lab,"Dr. Lex Fridman: Navigating Conflict, Finding Purpose & Maintaining Drive",1768800
2022-12-09 09:24,Huberman Lab,"Dr. Lex Fridman: Navigating Conflict, Finding Purpose & Maintaining Drive",4184
2022-12-09 09:31,Zoë Keating,Frozen Angels,427120
2022-12-09 09:33,Zoë Keating,The Last Bird,116725
2022-12-09 09:37,Zoë Keating,We Insist,226175
2022-12-09 09:43,Zoë Keating,Lost,370206
2022-12-09 09:48,Zoë Keating,Possible,319404
2022-12-09 09:53,Zoë Keating,Legions (Reverie),306207
2022-12-09 09:58,Zoë Keating,Flying & Flocking,296587
2022-12-09 10:03,Zoë Keating,Hello Night,268413
2022-12-09 10:11,Zoë Keating,Tetrishead,459724
2022-12-09 10:17,Zoë Keating,Legions (War),361930
2022-12-09 10:22,Zoë Keating,The Path,342823
2022-12-09 10:28,Zoë Keating,Optimist,301879
2022-12-09 10:34,Zoë Keating,Seven League Boots,370124
2022-12-09 10:42,Zoë Keating,Fern,500015
2022-12-09 10:43,Zoë Keating,Forest,44993
2022-12-09 10:48,Zoë Keating,Don't Worry,303723
2022-12-09 10:52,Zoë Keating,Optimist (Live),249289
2022-12-09 10:59,Zoë Keating,Escape Artist,394296
2022-12-09 11:05,Zoë Keating,Legions (Aftermath),399869
2022-12-09 11:07,Sylvain Chauveau,Ferme Les Yeux,68371
2022-12-09 11:08,Keith Kenniff,Receives,91755
2022-12-09 11:10,Jim Perkins,The North Wind,78999
2022-12-09 11:11,Sufjan Stevens,Redford (For Yia-Yia & Pappou),111942
2022-12-09 11:17,Zoë Keating,Legions (Reverie),306104
2022-12-09 11:19,Hidden Orchestra,Wingbeats Source III: Piano and Wings,155780
2022-12-09 11:20,Sylvain Chauveau,Pour Les Oiseaux,76628
2022-12-09 11:22,William Ryan Fritch,Scattered Flocks,92643
2022-12-09 11:25,Robot Koch,Movement III,206245
2022-12-09 11:28,amiina,Paris,169843
2022-12-09 11:32,Zoë Keating,We Insist,226164
2022-12-09 11:35,Hidden Orchestra,East London Street - Drums Only Version,161890
2022-12-09 11:36,Sylvain Chauveau,Des Plumes Dans La Tête,79816
2022-12-09 11:39,Brian McBride,Toil Theme Part 1,149943
2022-12-09 11:41,Hilmar Örn Hilmarsson,Colours,116183
2022-12-09 11:43,The Album Leaf,A Day in the Life,155777
2022-12-09 11:51,Zoë Keating,Tetrishead,458713
2022-12-09 11:52,Ideia Quatro Seis,Jugando Al Escondido - Original mix,64926
2022-12-09 11:54,Sylvain Chauveau,Pauvre Simon,111158
2022-12-09 11:56,William Ryan Fritch,Red Wolves,148057
2022-12-09 11:58,Danny Norbury,The Morning Star,113017
2022-12-09 12:02,Ceeys,Hiddensee,200133
2022-12-09 12:09,Zoë Keating,Frozen Angels,425797
2022-12-09 12:10,Ideia Quatro Seis,Dime Que Si - Original mix,65978
2022-12-09 12:11,Sylvain Chauveau,Nuage II,78474
2022-12-09 12:14,Kai Engel,Endless Story About Sun and Moon,185256
2022-12-09 12:17,The Album Leaf,Play with Me,147555
2022-12-09 12:20,Brambles,Pink And Golden Billows,178887
2022-12-09 12:28,Zoë Keating,Fern,499841
2022-12-09 12:30,Ideia Quatro Seis,Canto De Las Ondas - Extended mix,80883
2022-12-09 12:31,Sylvain Chauveau,Beast,76895
2022-12-09 12:33,Keith Kenniff,Anyone,114040
2022-12-09 12:34,Murcof,Hugo I,78212
2022-12-09 12:36,Nils Frahm,The Dane,122854
2022-12-09 12:38,Balanescu Quartet,Seduction,106089
2022-12-09 12:39,ANALLO,Sein,62271
2022-12-09 12:40,Eluvium,An Accidental Memory,72369
2022-12-09 12:42,LUCHS,II,126834
2022-12-09 12:44,Clogs,Guitar 13,105836
2022-12-09 12:47,amiina,Vofa,187119
2022-12-09 12:49,Tomasz Kowalczyk,Looking for another Days,116207
2022-12-09 12:51,Rachel Grimes,Long Before Us,84325
2022-12-09 13:10,Jim Perkins,Thaw,4625
2022-12-09 13:15,Zoë Keating,Hello Night,268297
2022-12-09 13:19,Mark Ronson,Uptown Funk (feat. Bruno Mars),269439
2022-12-09 13:23,The Chainsmokers,Don't Let Me Down,208361
2022-12-09 13:27,Ellie Goulding,"Love Me Like You Do - From ""Fifty Shades Of Grey""",252433
2022-12-09 13:30,Billie Eilish,lovely (with Khalid),199926
2022-12-09 13:33,Shakira,Me Gusta,189834
2022-12-09 13:37,Shakira,Chantaje (feat. Maluma),195665
2022-12-09 13:41,Shakira,Me Enamoré,225518
2022-12-09 13:44,Imagine Dragons,Thunder,186938
2022-12-09 13:59,Imagine Dragons,Believer,204121
2022-12-09 14:02,Sohail Sen,"Shaitan Ka Saala (From ""Housefull 4"")",145975
2022-12-09 14:04,Alan Walker,Alone,161182
2022-12-09 14:05,Alan Walker,Faded,25735
2022-12-09 14:20,Huberman Lab,"Dr. Lex Fridman: Navigating Conflict, Finding Purpose & Maintaining Drive",37440
2022-12-09 16:10,Zoë Keating,Optimist,437
2022-12-09 16:10,Zoë Keating,Forest,33168
2022-12-09 16:11,Zoë Keating,Lost,181
2022-12-11 19:16,Zoë Keating,Hello Night,859
2022-12-11 19:16,Jim Perkins,Thaw,104504
2022-12-11 19:24,Armaan Malik,Buttabomma - Telugu,198576
2022-12-11 20:02,Sid Sriram,Samajavaragamana,219583
2022-12-11 20:04,"Chitra, Raqeeb Alam",Aha Allari,122338
2022-12-11 20:08,Mangli,Saranga Dariya,229932
2022-12-11 20:09,Daler Mehndi,"Saahore Baahubali (From ""Baahubali 2 - The Conclusion"")",66093
2022-12-14 17:52,Daler Mehndi,"Saahore Baahubali (From ""Baahubali 2 - The Conclusion"")",8934
2022-12-14 17:53,Sid Sriram,Samajavaragamana,20441
2022-12-14 17:57,Sid Sriram,Samajavaragamana,199378
2022-12-18 19:08,Elixir Wizards,Justin Schneck & Frank Hunleth on Nerves and Performance – Working with Elixir,7922
2022-12-19 10:08,Elixir Wizards,Justin Schneck & Frank Hunleth on Nerves and Performance – Working with Elixir,2299054
2022-12-19 16:24,Huberman Lab,"AMA #2: Improve Sleep, Reduce Sugar Cravings, Optimal Protein Intake, Stretching Frequency & More",7120
2022-12-19 16:24,Elixir Wizards,Justin Schneck & Frank Hunleth on Nerves and Performance – Working with Elixir,50069
2022-12-19 16:28,Elixir Wizards,Justin Schneck & Frank Hunleth on Nerves and Performance – Working with Elixir,242623
2022-12-19 16:50,Elixir Wizards,Justin Schneck & Frank Hunleth on Nerves and Performance – Working with Elixir,920200
2022-12-19 16:53,Elixir Wizards,Cassidy Williams and Tobi Pfeiffer on Elixir Programming at Remote,180061
2022-12-19 19:51,Huberman Lab,"AMA #2: Improve Sleep, Reduce Sugar Cravings, Optimal Protein Intake, Stretching Frequency & More",1812240
2022-12-21 10:28,Imagine Dragons,Bones,49805
2022-12-24 09:21,Imagine Dragons,Bones,17198
2022-12-27 19:11,Huberman Lab,"Jocko Willink: How to Become Resilient, Forge Your Identity & Lead Others",264272
2022-12-27 19:38,Huberman Lab,"Jocko Willink: How to Become Resilient, Forge Your Identity & Lead Others",1604178
2022-12-28 18:19,Huberman Lab,"Jocko Willink: How to Become Resilient, Forge Your Identity & Lead Others",2146151
2022-12-28 18:19,Huberman Lab,The Science of Creativity & How to Enhance Creative Innovation,0
2022-12-28 18:23,Huberman Lab,"Jocko Willink: How to Become Resilient, Forge Your Identity & Lead Others",283201
2022-12-30 15:01,Lex Fridman Podcast,#346 – Ed Calderon: Mexican Drug Cartels,3060343
2022-12-31 08:50,Huberman Lab,How Meditation Works & Science-Based Effective Meditations,2117797
2022-12-31 14:35,Huberman Lab,How Meditation Works & Science-Based Effective Meditations,1467040
2023-01-01 14:35,Mark Ronson,Uptown Funk (feat. Bruno Mars),11672
2023-01-01 14:35,Huberman Lab,How Meditation Works & Science-Based Effective Meditations,1993720
2023-01-01 14:36,Mark Ronson,Uptown Funk (feat. Bruno Mars),34894
2023-01-01 14:36,Mark Ronson,Uptown Funk (feat. Bruno Mars),6515
2023-01-01 16:09,Woodkid,Run Boy Run,213263
2023-01-01 16:10,Marie-Flore,Mal barré,35237
2023-01-01 16:15,Mark Ronson,Uptown Funk (feat. Bruno Mars),269503
2023-01-01 16:18,The Chainsmokers,Don't Let Me Down,208144
2023-01-01 16:21,Imagine Dragons,Thunder,187147
2023-01-01 16:25,Imagine Dragons,Believer,204170
2023-01-01 16:27,Sohail Sen,"Shaitan Ka Saala (From ""Housefull 4"")",147331
2023-01-01 16:31,Clean Bandit,Solo (feat. Demi Lovato),222495
2023-01-01 16:32,AronChupa,Little Swing,1500
2023-01-01 16:32,AronChupa,I'm an Albatraoz,98704
2023-01-01 16:33,Ed Sheeran,Grade 8,713
2023-01-01 19:35,Ranveer Singh,Apna Time Aayega,14252
2023-01-02 07:55,Huberman Lab,How Meditation Works & Science-Based Effective Meditations,1305520
2023-01-02 14:30,Huberman Lab,"Dr. Sam Harris: Using Meditation to Focus, View Consciousness & Expand Your Mind",382832
2023-01-02 17:36,Mark Ronson,Uptown Funk (feat. Bruno Mars),0
2023-01-02 17:42,Mark Ronson,Uptown Funk (feat. Bruno Mars),269543
2023-01-02 17:47,The Chainsmokers,Don't Let Me Down,15879
2023-01-02 17:52,Mark Ronson,Uptown Funk (feat. Bruno Mars),8664
2023-01-02 17:52,Yo Yo Honey Singh,"Chaar Botal Vodka (From ""Ragini Mms 2"")",225640
2023-01-02 17:52,Param Singh,Daru Badnaam,4723
2023-01-02 17:55,Stellar,Ashes,166188
2023-01-02 17:57,AronChupa,The Woodchuck Song,154245
2023-01-02 18:01,The Chainsmokers,Don't Let Me Down,208155
2023-01-02 18:04,Imagine Dragons,Thunder,186916
2023-01-02 18:08,Alice Merton,No Roots,236849
2023-01-02 18:12,Ed Sheeran,Sing,235253
2023-01-02 18:15,Imagine Dragons,Believer,204165
2023-01-02 18:18,Imagine Dragons,Enemy (with JID) - from the series Arcane League of Legends,173364
2023-01-02 18:20,Masked Wolf,Astronaut In The Ocean - Alok Remix,128200
2023-01-02 18:23,Ed Sheeran,Grade 8,179699
2023-01-02 18:27,Clean Bandit,Solo (feat. Demi Lovato),222508
2023-01-02 18:31,Daler Mehndi,Saahore Baahubali,202303
2023-01-02 18:33,Manu Pilas,Bella Ciao - Música Original de la Serie la Casa de Papel/ Money Heist,139631
2023-01-02 18:35,Sohail Sen,"Shaitan Ka Saala (From ""Housefull 4"")",147323
2023-01-02 18:41,Yo Yo Honey Singh,Party With The Bhoothnath,321264
2023-01-02 18:45,AronChupa,Little Swing,163646
2023-01-02 18:48,Yo Yo Honey Singh,"Chaar Botal Vodka (From ""Ragini Mms 2"")",225635
2023-01-02 18:52,AronChupa,Llama In My Living Room,181818
2023-01-02 18:54,Queen,We Will Rock You - Remastered 2011,122028
2023-01-02 18:58,Shankar Mahadevan,Hanuman Chalisa,275023
2023-01-02 19:01,Ranveer Singh,Apna Time Aayega,140082
2023-01-02 19:03,AronChupa,Rave in the Grave,162660
2023-01-02 19:06,AronChupa,I'm an Albatraoz,166662
2023-01-02 19:08,Sid Sriram,Samajavaragamana,114999
2023-01-06 15:34,Lex Fridman Podcast,"#350 – Betül Kaçar: Origin of Life, Ancient DNA, Panspermia, and Aliens",1437351
2023-01-06 16:32,Mark Ronson,Uptown Funk (feat. Bruno Mars),269639
2023-01-06 16:35,Imagine Dragons,Thunder,185856
2023-01-06 16:38,Stellar,Ashes,166129
2023-01-06 16:42,Daler Mehndi,Saahore Baahubali,201131
2023-01-06 16:45,The Chainsmokers,Don't Let Me Down,208362
2023-01-06 16:51,Ajay-Atul,Deva Shree Ganesha,356658
2023-01-06 17:41,Sohail Sen,"Shaitan Ka Saala (From ""Housefull 4"")",39797
2023-01-08 06:06,Lex Fridman Podcast,"#350 – Betül Kaçar: Origin of Life, Ancient DNA, Panspermia, and Aliens",2322
2023-01-08 06:41,Lex Fridman Podcast,"#350 – Betül Kaçar: Origin of Life, Ancient DNA, Panspermia, and Aliens",1601497
2023-01-08 09:23,Mark Ronson,Uptown Funk (feat. Bruno Mars),3854
2023-01-08 09:26,Imagine Dragons,Enemy (with JID) - from the series Arcane League of Legends,173359
2023-01-08 09:35,Shankar Mahadevan,Hanuman Chalisa,569435
2023-01-08 09:39,Daler Mehndi,Saahore Baahubali,202317
2023-01-08 09:42,Clean Bandit,Solo (feat. Demi Lovato),222501
2023-01-08 09:48,Ajay-Atul,Deva Shree Ganesha,356704
2023-01-08 09:51,AronChupa,Llama In My Living Room,181909
2023-01-08 09:54,Ranveer Singh,Apna Time Aayega,139876
2023-01-08 09:56,AronChupa,The Woodchuck Song,154224
2023-01-08 10:00,Sid Sriram,Samajavaragamana,219819
2023-01-08 10:03,Ed Sheeran,Grade 8,179717
2023-01-08 10:07,Imagine Dragons,Believer,204162
2023-01-08 10:09,Masked Wolf,Astronaut In The Ocean - Alok Remix,128188
2023-01-08 10:13,Alice Merton,No Roots,236839
2023-01-08 10:15,Queen,We Will Rock You - Remastered 2011,121832
2023-01-08 10:19,Ed Sheeran,Sing,235260
2023-01-08 10:24,Yo Yo Honey Singh,Party With The Bhoothnath,321310
2023-01-08 14:05,Woodkid,Run Boy Run,70688
2023-01-13 15:21,Woodkid,Run Boy Run,142546
2023-01-13 15:26,Yo Yo Honey Singh,Party With The Bhoothnath,321308
2023-01-13 15:28,Masked Wolf,Astronaut In The Ocean - Alok Remix,128204
2023-01-13 15:32,Mangli,Saranga Dariya,229967
2023-01-13 15:36,Daler Mehndi,Saahore Baahubali,202305
2023-01-13 15:39,The Chainsmokers,Don't Let Me Down,208148
2023-01-13 15:43,Sid Sriram,Samajavaragamana,219590
2023-01-13 15:47,Ed Sheeran,Sing,235248
2023-01-13 15:50,Imagine Dragons,Enemy (with JID) - from the series Arcane League of Legends,173371
2023-01-13 15:52,Manu Pilas,Bella Ciao - Música Original de la Serie la Casa de Papel/ Money Heist,139629
2023-01-13 15:56,Yo Yo Honey Singh,"Chaar Botal Vodka (From ""Ragini Mms 2"")",225708
2023-01-13 16:09,Shankar Mahadevan,Hanuman Chalisa,389473
2023-01-13 16:16,Stellar,Ashes,1482
2023-01-13 16:16,Alice Merton,No Roots,1482
2023-01-13 16:18,CloudNone,Chasing Daylight,155027
2023-01-13 16:21,Sohail Sen,"Shaitan Ka Saala (From ""Housefull 4"")",147311
2023-01-13 16:29,Alice Merton,No Roots,236966
2023-01-13 16:32,Imagine Dragons,Bones,165124
2023-01-13 16:34,Ranveer Singh,Apna Time Aayega,139885
2023-01-13 17:00,Mangli,Saranga Dariya,229788
2023-01-13 17:03,Imagine Dragons,Believer,204170
2023-01-13 17:10,Sid Sriram,Samajavaragamana,219711
2023-01-13 17:13,Salvatore Ida',O bella ciao,0
2023-01-13 17:13,Shankar Mahadevan,Hanuman Chalisa,18223
2023-01-13 17:13,Daler Mehndi,Saahore Baahubali,2290
2023-01-13 17:13,Manu Pilas,Bella Ciao - Música Original de la Serie la Casa de Papel/ Money Heist,139624
2023-01-13 17:17,Salvatore Ida',O bella ciao,5751
2023-01-13 17:17,Daler Mehndi,Saahore Baahubali,202317
2023-01-13 17:18,Najwa,Bella ciao,2564
2023-01-13 17:18,Adam Jensen,The Mystic,63110
2023-01-13 17:18,Manu Pilas,Bella Ciao - Versión Lenta de la Música Original de la Serie la Casa de Papel / Money Heist,1246
2023-01-13 17:21,Billie Eilish,bad guy,194088
2023-01-13 17:22,M. M. Keeravani,Devasena,38551
2023-01-14 12:32,CloudNone,Chasing Daylight,155011
2023-01-14 12:38,Ed Sheeran,Sing,235263
2023-01-14 12:41,AronChupa,Little Swing,163798
2023-01-14 12:44,AronChupa,I'm an Albatraoz,166724
2023-01-14 13:19,Woodkid,Run Boy Run,43677
2023-01-23 04:32,Woodkid,Run Boy Run,169337
2023-01-23 04:36,Imagine Dragons,Believer,204117
2023-01-23 04:37,Clean Bandit,Solo (feat. Demi Lovato),65092
2023-01-23 04:40,The Chainsmokers,Don't Let Me Down,208374
2023-01-23 04:43,AronChupa,Rave in the Grave,162671
2023-01-23 04:48,Mark Ronson,Uptown Funk (feat. Bruno Mars),269466
2023-01-23 04:50,Manu Pilas,Bella Ciao - Música Original de la Serie la Casa de Papel/ Money Heist,139832
2023-01-23 04:54,Ed Sheeran,Sing,234017
2023-01-23 04:57,Stellar,Ashes,166120
2023-01-23 05:00,AronChupa,Little Swing,163681
2023-01-23 05:12,Mangli,Saranga Dariya,229991
2023-01-23 05:15,Daler Mehndi,Saahore Baahubali,202271
2023-01-23 05:17,Sohail Sen,"Shaitan Ka Saala (From ""Housefull 4"")",147381
2023-01-23 05:23,Sid Sriram,Samajavaragamana,219634
2023-01-23 05:34,Ranveer Singh,Apna Time Aayega,139831
2023-01-23 05:37,Imagine Dragons,Bones,165134
2023-01-23 05:41,Imagine Dragons,Believer,204123
2023-01-23 05:50,Shankar Mahadevan,Hanuman Chalisa,569386
2023-01-23 05:54,Alice Merton,No Roots,237054
2023-01-23 08:28,CloudNone,Chasing Daylight,128270
2023-01-23 20:39,CloudNone,Chasing Daylight,158132
2023-01-23 20:48,Shankar Mahadevan,Hanuman Chalisa,569386
2023-01-23 20:52,Imagine Dragons,Believer,204172
2023-01-23 20:55,Sid Sriram,Samajavaragamana,219772
2023-01-23 20:58,Sohail Sen,"Shaitan Ka Saala (From ""Housefull 4"")",147304
2023-01-23 21:01,Daler Mehndi,Saahore Baahubali,202310
2023-01-23 21:01,Manu Pilas,Bella Ciao - Música Original de la Serie la Casa de Papel/ Money Heist,3878
2023-01-23 21:04,Imagine Dragons,Bones,150777
2023-01-23 21:08,Mangli,Saranga Dariya,229938
2023-01-23 21:12,Alice Merton,No Roots,248045
2023-01-23 21:14,Ranveer Singh,Apna Time Aayega,139875
2023-01-23 21:18,Imagine Dragons,Thunder,186901
2023-01-23 21:20,Stellar,Ashes,166206
2023-01-23 21:21,Pav Dharia,Na Ja,2843
2023-01-23 21:21,Adam Jensen,The Mystic,12651
2023-01-23 21:21,A.R. Rahman,The Humma Song,11197
2023-01-23 21:21,Sid Sriram,Undiporaadhey,12651
2023-01-23 21:25,Sid Sriram,Samajavaragamana,219622
2023-01-23 21:28,Mangli,Saranga Dariya,229946
2023-01-23 21:29,Ranveer Singh,Apna Time Aayega,9880
2023-01-23 21:29,CloudNone,Chasing Daylight,440
2023-01-23 21:29,Imagine Dragons,Enemy (with JID) - from the series Arcane League of Legends,4200
2023-01-23 21:29,Daler Mehndi,Saahore Baahubali,710
2023-01-23 21:29,Ed Sheeran,Grade 8,164
2023-01-23 21:29,Manu Pilas,Bella Ciao - Música Original de la Serie la Casa de Papel/ Money Heist,5214
2023-01-23 21:29,Sohail Sen,"Shaitan Ka Saala (From ""Housefull 4"")",700
2023-01-23 21:29,Imagine Dragons,Bones,1225
2023-01-23 21:29,Imagine Dragons,Believer,457
2023-01-23 21:32,Imagine Dragons,Enemy (with JID) - from the series Arcane League of Legends,173346
2023-01-23 21:32,AronChupa,The Woodchuck Song,438
2023-01-23 21:32,Ed Sheeran,Grade 8,33626
2023-01-23 21:33,Woodkid,Run Boy Run,54758
2023-01-23 21:38,B. Ajaneesh Loknath,Varaha Roopam Daiva Va Rishtam,276238
2023-01-23 21:39,Ravi Basrur,Mother's Promise,36902
2023-01-23 21:41,Yes Yes No Maybe,Watch Me,165935
2023-01-23 21:44,Yes Yes No Maybe,Get Together,169921
2023-01-23 21:47,Yes Yes No Maybe,Start the Fire,162221
2023-01-23 21:49,Daler Mehndi,Saahore Baahubali,6823
2023-01-23 21:49,Mangli,Saranga Dariya,2556
2023-01-23 21:49,Sam Tinnesz,Ready Set Let's Go,96193
2023-01-23 21:49,Manu Pilas,Bella Ciao - Música Original de la Serie la Casa de Papel/ Money Heist,1754
2023-01-23 21:52,Mangli,Saranga Dariya,195872
2023-01-24 14:40,Huberman Lab,How to Optimize Fertility in Males & Females,2158904
2023-01-24 17:15,Mangli,Saranga Dariya,279308
2023-01-24 17:18,Imagine Dragons,Believer,204169
2023-01-24 17:19,Manu Pilas,Bella Ciao - Música Original de la Serie la Casa de Papel/ Money Heist,15302
2023-01-24 17:22,Sid Sriram,Samajavaragamana,219653
2023-01-24 17:26,Daler Mehndi,Saahore Baahubali,202331
2023-01-24 17:28,Ranveer Singh,Apna Time Aayega,139966
2023-01-24 17:28,Shankar Mahadevan,Hanuman Chalisa,10018
2023-01-24 17:28,Sohail Sen,"Shaitan Ka Saala (From ""Housefull 4"")",10018
2023-01-24 17:32,Alice Merton,No Roots,236843
2023-01-24 17:35,CloudNone,Chasing Daylight,155035
2023-01-24 17:38,Imagine Dragons,Thunder,1497
2023-01-24 17:38,Imagine Dragons,Bones,15367
2023-01-24 17:40,Imagine Dragons,Bones,165126
2023-01-24 17:44,Imagine Dragons,Thunder,186901
2023-01-24 17:46,Stellar,Ashes,166166
2023-01-24 17:47,Salvatore Ida',O bella ciao,14770
2023-01-24 17:47,Adam Jensen,The Mystic,2565
2023-01-24 20:31,Shankar Mahadevan,Hanuman Chalisa,106404
2023-01-26 04:32,Shankar Mahadevan,Hanuman Chalisa,189437
2023-01-26 04:36,CloudNone,Chasing Daylight,180
2023-01-26 04:36,Alice Merton,No Roots,237054
2023-01-26 04:36,Manu Pilas,Bella Ciao - Música Original de la Serie la Casa de Papel/ Money Heist,9475
2023-01-26 04:36,Sohail Sen,"Shaitan Ka Saala (From ""Housefull 4"")",0
2023-01-26 04:39,CloudNone,Chasing Daylight,2832
2023-01-26 04:39,Sohail Sen,"Shaitan Ka Saala (From ""Housefull 4"")",147146
2023-01-26 04:42,Imagine Dragons,Believer,204151
2023-01-26 04:46,Sid Sriram,Samajavaragamana,219628
2023-01-26 04:49,Ranveer Singh,Apna Time Aayega,139912
2023-01-27 08:34,Mangli,Saranga Dariya,30185
2023-01-27 08:41,Mangli,Saranga Dariya,226830
2023-01-27 08:45,Alice Merton,No Roots,237051
2023-01-27 08:48,Sohail Sen,"Shaitan Ka Saala (From ""Housefull 4"")",147327
2023-01-27 08:51,Imagine Dragons,Believer,204277
2023-01-27 08:54,Imagine Dragons,Bones,165140
2023-01-27 08:57,CloudNone,Chasing Daylight,155043
2023-01-27 09:01,Shankar Mahadevan,Hanuman Chalisa,289341
2023-01-27 13:53,Huberman Lab,How to Optimize Fertility in Males & Females,24353
2023-01-27 14:44,Huberman Lab,How to Optimize Fertility in Males & Females,1123789
2023-01-27 14:54,Mangli,Saranga Dariya,229850
2023-01-27 14:58,Imagine Dragons,Believer,204170
2023-01-27 15:00,Manu Pilas,Bella Ciao - Música Original de la Serie la Casa de Papel/ Money Heist,139845
2023-01-27 15:04,Sid Sriram,Samajavaragamana,219648
2023-01-27 15:04,Daler Mehndi,Saahore Baahubali,4854
2023-01-27 15:08,Sid Sriram,Samajavaragamana,219779
2023-01-27 15:11,Sid Sriram,Samajavaragamana,219782
2023-01-27 15:19,Sid Sriram,Samajavaragamana,236110
2023-01-27 15:19,Sid Sriram,Samajavaragamana,1239
2023-01-27 15:22,Daler Mehndi,Saahore Baahubali,202265
2023-01-27 15:24,Ranveer Singh,Apna Time Aayega,139902
2023-01-27 15:27,Sohail Sen,"Shaitan Ka Saala (From ""Housefull 4"")",147341
2023-01-27 16:14,Shankar Mahadevan,Hanuman Chalisa,526514
2023-01-27 16:18,Alice Merton,No Roots,237051
2023-01-27 16:20,Imagine Dragons,Bones,165067
2023-01-27 16:21,Shankar Mahadevan,Hanuman Chalisa,12072
2023-01-27 16:33,Imagine Dragons,Believer,204120
2023-01-27 17:38,Mark Ronson,Uptown Funk (feat. Bruno Mars),202488
2023-01-27 17:38,The Chainsmokers,Don't Let Me Down,8403
2023-01-27 17:38,Manu Pilas,Bella Ciao - Música Original de la Serie la Casa de Papel/ Money Heist,0
2023-01-27 17:41,Imagine Dragons,Thunder,186904
2023-01-27 17:45,Clean Bandit,Solo (feat. Demi Lovato),438
2023-01-27 17:45,Sohail Sen,"Shaitan Ka Saala (From ""Housefull 4"")",15840
2023-01-27 17:45,Imagine Dragons,Believer,204279
2023-01-27 18:29,AronChupa,I'm an Albatraoz,102398
2023-01-28 13:11,Luis Fonsi,Despacito,229123
2023-01-28 13:15,Shakira,Waka Waka (This Time for Africa) [The Official 2010 FIFA World Cup (TM) Song] (feat. Freshlyground),202488
2023-01-28 13:19,DJ Snake,"Taki Taki (feat. Selena Gomez, Ozuna & Cardi B)",212403
2023-01-28 13:22,J Balvin,Mi Gente,18390
2023-01-28 13:33,Ed Sheeran,Shape of You,75058
2023-01-28 13:34,Luis Fonsi,Despacito,2615
2023-01-28 13:36,Daddy Yankee,Gasolina,118546
2023-01-28 13:37,Armin van Buuren,Blah Blah Blah,50116
2023-01-28 13:39,AronChupa,Rave in the Grave,162711
2023-01-28 13:40,Dirty Rush & Gregor Es,Brass,20618
2023-01-28 13:40,Armin van Buuren,Blah Blah Blah (Mixed),20618
2023-01-28 13:43,Clean Bandit,Solo (feat. Demi Lovato),222621
2023-01-28 13:44,Tones And I,Dance Monkey,22755
2023-01-28 13:45,AronChupa,Rave in the Grave,433
2023-01-28 13:45,Dirty Rush & Gregor Es,Brass,433
2023-01-28 13:45,Armin van Buuren,Blah Blah Blah,160
2023-01-28 13:45,Clean Bandit,Solo (feat. Demi Lovato),0
2023-01-28 13:45,Armin van Buuren,Blah Blah Blah (Mixed),0
2023-01-28 13:48,Tones And I,Dance Monkey,179132
2023-01-28 13:52,Mark Ronson,Uptown Funk (feat. Bruno Mars),269652
2023-01-28 13:56,The Chainsmokers,Don't Let Me Down,208158
2023-01-28 13:57,Idina Menzel,"Let It Go - From ""Frozen""/Soundtrack Version",15832
2023-01-28 13:57,Imagine Dragons,Thunder,21112
2023-01-28 14:31,Huberman Lab,How to Optimize Fertility in Males & Females,442391
2023-01-28 14:34,Idina Menzel,"Let It Go - From ""Frozen""/Soundtrack Version",179135
2023-01-28 15:11,Mark Ronson,Uptown Funk (feat. Bruno Mars),231173
2023-01-28 15:25,Ed Sheeran,Shape of You,30117
2023-01-28 15:26,Moisés Nieto,"Doraemon Theme Song (From ""Doraemon"")",0
2023-01-28 15:27,Moisés Nieto,"Doraemon Theme Song (From ""Doraemon"")",56653
2023-01-28 15:27,WeWakeMusic,Doraemon Zindagi Sawar Doon,12635
2023-01-28 15:32,Mark Ronson,Uptown Funk (feat. Bruno Mars),269584
2023-01-28 16:26,Alice Merton,No Roots,322088
2023-01-28 16:29,AronChupa,Little Swing,163799
2023-01-28 16:30,AronChupa,The Woodchuck Song,1245
2023-01-28 16:30,Mark Ronson,Uptown Funk (feat. Bruno Mars),1245
2023-01-28 16:30,AronChupa,I'm an Albatraoz,4117
2023-01-28 16:30,Manu Pilas,Bella Ciao - Música Original de la Serie la Casa de Papel/ Money Heist,0
2023-01-28 16:30,Masked Wolf,Astronaut In The Ocean - Alok Remix,73330
2023-01-28 16:34,Mangli,Saranga Dariya,229935
2023-01-28 16:34,Ed Sheeran,Grade 8,441
2023-01-28 16:38,Yo Yo Honey Singh,"Chaar Botal Vodka (From ""Ragini Mms 2"")",225617
2023-01-29 02:49,Shankar Mahadevan,Hanuman Chalisa,369017
2023-01-29 02:49,Alice Merton,No Roots,83936
2023-01-29 02:50,Ranveer Singh,Apna Time Aayega,4560
2023-01-29 02:50,AronChupa,Rave in the Grave,971
2023-01-29 02:50,Shankar Mahadevan,Hanuman Chalisa,0
2023-01-29 02:50,Sohail Sen,"Shaitan Ka Saala (From ""Housefull 4"")",0
2023-01-29 02:53,Sid Sriram,Samajavaragamana,219602
2023-01-29 16:46,Mangli,Saranga Dariya,131243
2023-01-29 16:48,Rela Kumar,Jigelu Rani,109330
2023-01-29 16:49,Imagine Dragons,Bones,100622
2023-01-29 16:50,Huberman Lab,"Dr. Andy Galpin: How to Build Strength, Muscle Size & Endurance",55956
2023-01-29 16:55,B. Ajaneesh Loknath,Varaha Roopam Daiva Va Rishtam,276416
2023-01-29 16:57,Sachet Tandon,"Bekhayali (From ""Kabir Singh"")",99174
2023-01-29 17:06,Sachet Tandon,"Bekhayali (From ""Kabir Singh"")",370181
2023-01-29 17:09,Måneskin,GOSSIP (feat. Tom Morello),168280
2023-01-29 17:12,Miley Cyrus,Flowers,27999
2023-01-29 17:12,Alessandra,Queen of Kings,147979
2023-01-29 17:13,Huberman Lab,Understanding & Conquering Depression,38282
2023-01-29 17:17,Alice Merton,No Roots,237053
2023-01-29 17:19,Zoë Keating,Forest,52799
2023-01-29 17:19,Zoë Keating,Forest,45000
2023-01-29 17:25,Zoë Keating,Escape Artist,355254
2023-01-29 17:35,Sigur Rós,Svefn-g-englar,595561
2023-01-29 17:36,Zoë Keating,Optimist,36635
2023-01-29 17:48,Sigur Rós,Untitled #8 - Popplagið,705093
2023-01-29 17:52,Sigur Rós,Intro,90578
2023-01-30 08:01,AronChupa,Little Swing,20425
2023-01-30 09:03,Sigur Rós,Starálfur,2313
2023-01-30 09:09,Zoë Keating,Optimist,301874
2023-01-30 09:13,Pharrell Williams,"Happy - From ""Despicable Me 2""",232523
2023-01-30 09:16,Ellie Goulding,Close To Me,182597
2023-01-30 10:17,Hans Zimmer,"Main Theme (From ""The Dark Knight Rises"")",39781
2023-01-30 10:21,Mangli,Saranga Dariya,229996
2023-01-30 10:23,Rahul Sipligunj,"Naatu Naatu (From ""Rrr"")",112868
2023-01-30 10:27,Mangli,Saranga Dariya,229947
2023-01-30 10:31,Mangli,Saranga Dariya,229950
2023-01-30 10:35,Mangli,Saranga Dariya,229940
2023-01-30 10:39,Mangli,Saranga Dariya,229944
2023-01-30 10:42,Mangli,Saranga Dariya,229957
2023-01-30 10:46,Mangli,Saranga Dariya,229933
2023-01-30 10:48,Mangli,Saranga Dariya,92445
2023-01-30 10:52,Sid Sriram,Samajavaragamana,219616
2023-01-30 10:55,Sid Sriram,Samajavaragamana,219581
2023-01-30 10:59,Sid Sriram,Samajavaragamana,219578
2023-01-30 11:03,Sid Sriram,Samajavaragamana,219571
2023-01-30 11:06,Sid Sriram,Samajavaragamana,219819
2023-01-30 11:10,Sid Sriram,Samajavaragamana,219580
2023-02-01 05:58,Sid Sriram,Samajavaragamana,30169
2023-02-01 05:58,Hans Zimmer,"Main Theme (From ""The Dark Knight Rises"")",229277
2023-02-01 06:02,Sid Sriram,Samajavaragamana,227449
2023-02-01 06:02,Sid Sriram,Samajavaragamana,26867
2023-02-01 06:05,Stellar,El Dorado,16373
2023-02-01 06:05,Imagine Dragons,Bones,165094
2023-02-01 06:09,Taylor Swift,Wildest Dreams,219948
2023-02-01 06:13,Mangli,Saranga Dariya,229933
2023-02-01 06:16,AronChupa,I'm an Albatraoz,166718
2023-02-01 06:18,King Delt,Toxic,123682
2023-02-01 06:21,John Denver,"Take Me Home, Country Roads - Original Version",190081
2023-02-01 13:15,Peter Gabriel,My Body Is A Cage,30185
2023-02-01 13:16,Peter Gabriel,My Body Is A Cage,5617
2023-02-01 13:21,Peter Gabriel,My Body Is A Cage,30142
2023-02-02 14:36,Huberman Lab,How to Optimize Fertility in Males & Females,425760
2023-02-06 13:50,Mangli,Saranga Dariya,238617
2023-02-06 13:59,Shankar Mahadevan,Hanuman Chalisa,569371
2023-02-06 14:02,Sohail Sen,"Shaitan Ka Saala (From ""Housefull 4"")",147358
2023-02-06 14:06,Sid Sriram,Samajavaragamana,219575
2023-02-06 15:10,CloudNone,Chasing Daylight,794
2023-02-06 15:10,CloudNone,Chasing Daylight,149215
2023-02-06 15:14,Alice Merton,No Roots,237053
2023-02-06 15:16,Ranveer Singh,Apna Time Aayega,139907
2023-02-06 15:19,Imagine Dragons,Bones,165264
2023-02-06 15:23,Sid Sriram,Samajavaragamana,219706
2023-02-06 15:26,Imagine Dragons,Believer,204197
2023-02-06 15:29,Daler Mehndi,Saahore Baahubali,202350
2023-02-06 15:32,Sohail Sen,"Shaitan Ka Saala (From ""Housefull 4"")",147352
2023-02-06 15:34,Manu Pilas,Bella Ciao - Música Original de la Serie la Casa de Papel/ Money Heist,139625
2023-02-06 15:38,Mangli,Saranga Dariya,229989
2023-02-06 15:42,Shankar Mahadevan,Hanuman Chalisa,16858
2023-02-06 15:44,CloudNone,Chasing Daylight,155052
2023-02-06 15:48,Alice Merton,No Roots,236885
2023-02-06 15:51,Ranveer Singh,Apna Time Aayega,139867
2023-02-06 15:53,Imagine Dragons,Bones,165131
2023-02-06 15:57,Sid Sriram,Samajavaragamana,219692
2023-02-06 18:19,Imagine Dragons,Believer,198352
2023-02-09 19:42,Imagine Dragons,Believer,1490
2023-02-09 20:50,Mangli,Saranga Dariya,229745
2023-02-09 20:53,Sid Sriram,Samajavaragamana,219585
2023-02-09 20:57,CloudNone,Chasing Daylight,155042
2023-02-09 21:01,Alice Merton,No Roots,236844
2023-02-09 21:03,Sohail Sen,"Shaitan Ka Saala (From ""Housefull 4"")",147384
2023-02-09 21:06,Imagine Dragons,Bones,165114
2023-02-09 21:08,Ranveer Singh,Apna Time Aayega,139878
2023-02-11 18:27,Manu Pilas,Bella Ciao - Música Original de la Serie la Casa de Papel/ Money Heist,14732
2023-02-11 18:40,Zoë Keating,Forest,44787
2023-02-11 21:20,Zoë Keating,Escape Artist,394332
2023-02-11 21:25,Zoë Keating,Optimist,301832
2023-02-11 21:30,Zoë Keating,The Path,342835
2023-02-11 21:37,Zoë Keating,Lost,370289
2023-02-11 21:41,Zoë Keating,Hello Night,268439
2023-02-11 21:46,Zoë Keating,Don't Worry,300668
2023-02-17 15:56,Mangli,Saranga Dariya,230048
2023-02-17 16:10,Imagine Dragons,Believer,199611
2023-02-25 20:14,Imagine Dragons,Believer,728
2023-02-25 20:15,Manu Pilas,Bella Ciao - Música Original de la Serie la Casa de Papel/ Money Heist,11583
2023-02-25 20:18,Sid Sriram,Samajavaragamana,219704
2023-02-25 20:22,Daler Mehndi,Saahore Baahubali,202295
2023-02-25 20:24,Ranveer Singh,Apna Time Aayega,140092
2023-02-25 20:28,Shankar Mahadevan,Hanuman Chalisa,119872
2023-02-25 20:28,Sohail Sen,"Shaitan Ka Saala (From ""Housefull 4"")",119872
2023-02-25 20:33,Alice Merton,No Roots,247086
2023-02-25 20:36,CloudNone,Chasing Daylight,154967
2023-02-25 20:39,Imagine Dragons,Bones,165046
2023-02-25 20:43,Mangli,Saranga Dariya,229804
2023-02-25 20:46,Imagine Dragons,Believer,204123
2023-02-25 20:50,Sid Sriram,Samajavaragamana,219782
2023-02-25 20:53,Daler Mehndi,Saahore Baahubali,202278
2023-02-25 20:55,Ranveer Singh,Apna Time Aayega,140110
2023-02-25 20:58,Sohail Sen,"Shaitan Ka Saala (From ""Housefull 4"")",147260
2023-02-25 21:08,Shankar Mahadevan,Hanuman Chalisa,569377
2023-02-25 21:31,Alice Merton,No Roots,86451
2023-02-26 12:06,Alice Merton,No Roots,253690
2023-02-26 12:08,CloudNone,Chasing Daylight,152104
2023-02-26 12:11,Imagine Dragons,Bones,165164
2023-02-26 12:15,Mangli,Saranga Dariya,229773
2023-02-26 12:19,Imagine Dragons,Believer,204183
2023-02-26 13:31,Sid Sriram,Samajavaragamana,146382
2023-02-26 14:26,Thinking Elixir Podcast,85: Computer Vision in Elixir with Cocoa Xu,753168
2023-02-26 14:31,Mangli,Saranga Dariya,271030
2023-02-26 14:34,Imagine Dragons,Believer,204347
2023-02-26 14:38,Sid Sriram,Samajavaragamana,219637
2023-02-26 14:43,Daler Mehndi,Saahore Baahubali,202395
2023-02-26 14:45,Ranveer Singh,Apna Time Aayega,140108
2023-02-26 14:47,Sohail Sen,"Shaitan Ka Saala (From ""Housefull 4"")",147292
2023-02-26 15:18,Shankar Mahadevan,Hanuman Chalisa,549847
2023-02-28 20:45,Huberman Lab,"Dr. Gina Poe: Use Sleep to Enhance Learning, Memory & Emotional State",1891093
2023-03-01 16:27,Mangli,Saranga Dariya,229970
2023-03-01 16:31,Imagine Dragons,Believer,204293
2023-03-01 16:34,Sohail Sen,"Shaitan Ka Saala (From ""Housefull 4"")",147195
2023-03-01 16:38,Mangli,Saranga Dariya,229932
2023-03-01 16:40,Ranveer Singh,Apna Time Aayega,139881
2023-03-01 16:43,Daler Mehndi,Saahore Baahubali,202315
2023-03-01 16:53,Shankar Mahadevan,Hanuman Chalisa,569349
2023-03-01 16:57,Alice Merton,No Roots,237043
2023-03-01 17:00,Imagine Dragons,Bones,165078
2023-03-01 17:03,Sid Sriram,Samajavaragamana,219760
2023-03-01 17:06,CloudNone,Chasing Daylight,155187
2023-03-01 17:09,Imagine Dragons,Believer,204234
2023-03-01 17:45,Sohail Sen,"Shaitan Ka Saala (From ""Housefull 4"")",61172
2023-03-01 17:49,Mangli,Saranga Dariya,229777
2023-03-01 17:51,Ranveer Singh,Apna Time Aayega,139885
2023-03-01 17:52,Daler Mehndi,Saahore Baahubali,30313
2023-03-04 17:07,Huberman Lab,"Dr. Gina Poe: Use Sleep to Enhance Learning, Memory & Emotional State",36993
2023-03-04 17:22,Huberman Lab,Sleep Toolkit: Tools for Optimizing Sleep & Sleep-Wake Timing,887362
2023-03-05 14:23,Huberman Lab,Sleep Toolkit: Tools for Optimizing Sleep & Sleep-Wake Timing,146853
2023-03-05 14:26,Huberman Lab,Sleep Toolkit: Tools for Optimizing Sleep & Sleep-Wake Timing,41647
2023-03-05 14:35,Thinking Elixir Podcast,125: Elixir at the Royal Bank of Canada,24258
2023-03-07 14:14,Yes,Owner of a Lonely Heart,163057
2023-03-13 09:33,The Charlie Daniels Band,The Devil Went Down to Georgia,3086
2023-03-13 09:33,Johnny Cash,Orange Blossom Special,20630
2023-03-13 09:33,Yes,Owner of a Lonely Heart,2547
2023-03-13 09:38,AC/DC,Thunderstruck,292652
2023-03-13 09:41,Fats Domino,Jambalaya (On The Bayou),146285
2023-03-13 09:43,Queen,We Will Rock You - Remastered 2011,121817
2023-03-13 09:44,Roger Miller,Dang Me,101901
2023-03-13 09:48,John Denver,Thank God I'm a Country Boy,193014
2023-03-13 10:03,Chuck Berry,"Memphis, Tennessee",97596
2023-03-13 15:07,Mangli,Saranga Dariya,229966
2023-03-13 15:11,Imagine Dragons,Believer,204161
2023-03-13 15:14,Sid Sriram,Samajavaragamana,219581
2023-03-13 15:18,Daler Mehndi,Saahore Baahubali,202309
2023-03-13 15:20,Ranveer Singh,Apna Time Aayega,139889
2023-03-13 15:30,Shankar Mahadevan,Hanuman Chalisa,569415
2023-03-13 15:34,Alice Merton,No Roots,236861
2023-03-13 15:36,CloudNone,Chasing Daylight,155035
2023-03-13 15:39,Imagine Dragons,Bones,165101
2023-03-13 15:42,Imagine Dragons,Enemy - From the series Arcane League of Legends,173375
2023-03-13 15:45,Sid Sriram,Undiporaadhey,173895
2023-03-13 15:47,Portugal. The Man,Feel It Still,163254
2023-03-13 15:56,Mangli,Saranga Dariya,229773
2023-03-13 16:00,Imagine Dragons,Believer,204189
2023-03-13 16:04,Alice Merton,No Roots,236919
2023-03-13 16:06,CloudNone,Chasing Daylight,155027
2023-03-13 16:10,Mangli,Saranga Dariya,229936
2023-03-13 17:33,Shankar Mahadevan,Hanuman Chalisa,79367
2023-03-13 17:33,Shankar Mahadevan,Hanuman Chalisa,1245
2023-03-13 17:36,Sid Sriram,Samajavaragamana,219578
2023-03-13 17:40,Daler Mehndi,Saahore Baahubali,202312
2023-03-13 17:42,Ranveer Singh,Apna Time Aayega,139875
2023-03-13 17:45,Imagine Dragons,Bones,165118
2023-03-13 17:49,Mangli,Saranga Dariya,229930
2023-03-13 17:52,Imagine Dragons,Believer,204235
2023-03-13 17:56,Alice Merton,No Roots,236862
2023-03-13 17:59,CloudNone,Chasing Daylight,155034
2023-03-13 18:07,Shankar Mahadevan,Hanuman Chalisa,1501
2023-03-13 18:10,Sid Sriram,Samajavaragamana,219577
2023-03-13 18:14,Daler Mehndi,Saahore Baahubali,202312
2023-03-13 18:16,Ranveer Singh,Apna Time Aayega,139900
2023-03-13 18:19,Imagine Dragons,Bones,165118
2023-03-13 18:23,Mangli,Saranga Dariya,229936
2023-03-13 18:26,Imagine Dragons,Believer,204171
2023-03-13 18:30,Alice Merton,No Roots,236841
2023-03-13 18:33,CloudNone,Chasing Daylight,155015
2023-03-13 18:43,Shankar Mahadevan,Hanuman Chalisa,3098
2023-03-13 18:47,Imagine Dragons,Believer,204230
2023-03-14 09:40,Ranveer Singh,Apna Time Aayega,81386
2023-03-14 09:45,Ranveer Singh,Apna Time Aayega,58603
2023-03-14 09:49,Alice Merton,No Roots,236831
2023-03-14 09:53,Mangli,Saranga Dariya,229926
2023-03-14 09:56,Daler Mehndi,Saahore Baahubali,202314
2023-03-14 10:00,Imagine Dragons,Believer,204158
2023-03-14 10:09,Shankar Mahadevan,Hanuman Chalisa,569422
2023-03-14 10:13,Sid Sriram,Samajavaragamana,219586
2023-03-14 10:15,CloudNone,Chasing Daylight,155014
2023-03-14 10:18,Imagine Dragons,Bones,165119
2023-03-14 10:20,Ranveer Singh,Apna Time Aayega,139900
2023-03-15 09:38,Alice Merton,No Roots,58813
2023-03-15 18:37,Alice Merton,No Roots,66727
2023-03-15 18:39,Alice Merton,No Roots,111476
2023-03-15 18:42,CloudNone,Chasing Daylight,155021
2023-03-15 18:51,Shankar Mahadevan,Hanuman Chalisa,569396
2023-03-15 18:55,Mangli,Saranga Dariya,229958
2023-03-15 18:59,Daler Mehndi,Saahore Baahubali,202291
2023-03-15 19:02,Imagine Dragons,Believer,204172
2023-03-15 19:05,Imagine Dragons,Bones,165103
2023-03-15 19:21,Sid Sriram,Samajavaragamana,219780
2023-03-15 19:25,Alice Merton,No Roots,236853
2023-03-15 19:27,CloudNone,Chasing Daylight,155028
2023-03-15 19:37,Shankar Mahadevan,Hanuman Chalisa,569440
2023-03-15 19:41,Mangli,Saranga Dariya,229929
2023-03-15 19:44,Daler Mehndi,Saahore Baahubali,202310
2023-03-15 19:48,Imagine Dragons,Believer,204179
2023-03-15 19:50,Imagine Dragons,Bones,165114
2023-03-15 19:54,Sid Sriram,Samajavaragamana,219579
2023-03-17 18:27,Alice Merton,No Roots,124755
2023-03-17 18:29,Shankar Mahadevan,Hanuman Chalisa,19308
2023-03-17 18:29,Alice Merton,No Roots,112123
2023-03-17 18:32,Imagine Dragons,Bones,165122
2023-03-17 18:37,Mangli,Saranga Dariya,249840
2023-03-17 18:40,Sid Sriram,Samajavaragamana,219729
2023-03-17 18:44,Imagine Dragons,Believer,204311
2023-03-17 18:46,CloudNone,Chasing Daylight,155187
2023-03-17 18:50,Daler Mehndi,Saahore Baahubali,202193
2023-03-17 18:54,Shankar Mahadevan,Hanuman Chalisa,19265
2023-03-17 18:54,Alice Merton,No Roots,236992
2023-03-17 18:57,Imagine Dragons,Bones,165265
2023-03-17 19:34,Mangli,Saranga Dariya,92587
2023-03-17 19:37,Mangli,Saranga Dariya,137240
2023-03-18 09:16,Imagine Dragons,Bones,84011
2023-03-18 09:17,Imagine Dragons,Bones,31034
2023-03-26 08:14,Imagine Dragons,Bones,175182
2023-03-26 08:20,Shankar Mahadevan,Hanuman Chalisa,350943
2023-03-26 08:21,Sid Sriram,Samajavaragamana,37668
2023-03-26 08:28,Sid Sriram,Samajavaragamana,232364
2023-03-26 08:32,Imagine Dragons,Bones,163913
2023-03-26 08:37,Mangli,Saranga Dariya,228702
2023-03-26 08:40,Imagine Dragons,Believer,204172
2023-03-26 08:43,Daler Mehndi,Saahore Baahubali,202314
2023-03-26 15:41,Mangli,Saranga Dariya,229952
2023-03-26 15:46,Imagine Dragons,Believer,204296
2023-03-26 15:50,Sid Sriram,Samajavaragamana,161072
2023-03-28 01:14,Huberman Lab,Leverage Dopamine to Overcome Procrastination & Optimize Effort,1149947
2023-03-30 12:51,The Who,Baba O'Riley,106960
2023-04-02 18:03,The Who,Baba O'Riley,192966
2023-04-02 18:08,The Who,Baba O'Riley,299984
2023-04-02 18:13,The Who,Baba O'Riley,299986
2023-04-02 18:18,The Who,Baba O'Riley,300002
2023-04-02 18:23,The Who,Baba O'Riley,299987
2023-04-02 18:28,The Who,Baba O'Riley,299976
2023-04-02 18:33,The Who,Baba O'Riley,299781
2023-04-02 18:38,The Who,Baba O'Riley,299787
2023-04-02 18:43,The Who,Baba O'Riley,299799
2023-04-02 18:48,The Who,Baba O'Riley,299808
2023-04-02 18:53,The Who,Baba O'Riley,299795
2023-04-02 18:58,The Who,Baba O'Riley,299789
2023-04-02 19:03,The Who,Baba O'Riley,299844
2023-04-02 19:08,The Who,Baba O'Riley,299918
2023-04-02 19:13,The Who,Baba O'Riley,299790
2023-04-02 19:18,The Who,Baba O'Riley,299906
2023-04-02 19:23,The Who,Baba O'Riley,299781
2023-04-02 19:28,The Who,Baba O'Riley,299782
2023-04-02 19:33,The Who,Baba O'Riley,299862
2023-04-02 19:34,The Who,Baba O'Riley,74100
2023-04-02 19:58,The Charlie Daniels Band,The Devil Went Down to Georgia,150366
2023-04-04 14:34,The Charlie Daniels Band,The Devil Went Down to Georgia,64022
2023-04-04 14:35,AC/DC,Thunderstruck,7915
2023-04-04 18:37,AC/DC,Thunderstruck,284901
2023-04-04 18:41,Johnny Cash,Orange Blossom Special,185874
2023-04-04 19:02,Yes,Owner of a Lonely Heart,268523
2023-04-04 19:05,The Charlie Daniels Band,The Devil Went Down to Georgia,214263
2023-04-04 19:10,AC/DC,Thunderstruck,292880
2023-04-04 19:13,Johnny Cash,Orange Blossom Special,186101
2023-04-05 11:11,Thinking Elixir Podcast,82: Reviewing Elixir with José Valim - Part 1,3163440
2023-04-05 19:07,Yes,Owner of a Lonely Heart,243050
2023-04-06 09:29,Adriian,Driver Forever - Remix,225990
2023-04-06 09:31,Sergio Valentino,Lost Forever - Speed Up Version,125814
2023-04-06 09:33,Alx Beats,Everything Would Be Fine,118108
2023-04-06 09:35,iwilldiehere,Promise,149470
2023-04-06 09:37,Ямаджи,Минимум - Ramzan Abitov Remix,6295
2023-04-06 09:37,Felax,Yeezy,94061
2023-04-06 09:40,REAPER,SAWTOOTH,183221
2023-04-06 09:43,Dyatic,Pattern Breaker,153450
2023-04-06 09:45,REAPER,LEVITATE,170971
2023-04-06 09:48,Infekt,Tendo,156633
2023-04-06 09:52,Knife Party,Ghost Train - Muzz Remix,237310
2023-04-06 09:55,Tails,Cobra,191877
2023-04-06 09:56,Mangli,Saranga Dariya,6028
2023-04-06 09:56,HVDES,R U Afraid,54710
2023-04-06 09:57,Imagine Dragons,Believer - Kaskade Remix,49854
2023-04-06 09:57,Ritviz,Baaraat,24085
2023-04-06 09:58,Martin Garrix,In the Name of Love,2581
2023-04-06 10:01,Martin Garrix,Scared to Be Lonely,219822
2023-04-06 10:04,Martin Garrix,Hero,159814
2023-04-06 10:07,Martin Garrix,Summer Days (feat. Macklemore & Patrick Stump of Fall Out Boy),163790
2023-04-06 10:09,Martin Garrix,High On Life (feat. Bonn),147595
2023-04-06 10:13,Mangli,Saranga Dariya,229987
2023-04-06 10:16,Imagine Dragons,Believer,204211
2023-04-06 10:20,Sid Sriram,Samajavaragamana,219581
2023-04-06 10:23,Daler Mehndi,Saahore Baahubali,202305
2023-04-06 10:24,Shankar Mahadevan,Hanuman Chalisa,13465
2023-04-06 10:28,Alice Merton,No Roots,236863
2023-04-06 10:30,CloudNone,Chasing Daylight,155024
2023-04-06 11:21,Imagine Dragons,Bones,165091
2023-04-06 11:35,Mangli,Saranga Dariya,229917
2023-04-06 11:38,Imagine Dragons,Believer,204183
2023-04-06 11:42,Sid Sriram,Samajavaragamana,219573
2023-04-06 11:45,Daler Mehndi,Saahore Baahubali,202317
2023-04-06 11:55,Shankar Mahadevan,Hanuman Chalisa,569410
2023-04-06 11:55,Alice Merton,No Roots,22774
2023-04-06 11:57,The Score,Unstoppable,125185
2023-04-06 11:58,TheFatRat,Fly Away,57494
2023-04-06 11:59,Anevo,Don't Shoot Me Down,64819
2023-04-11 10:14,Huberman Lab,"The Science of Healthy Hair, Hair Loss and How to Regrow Hair",2018476
2023-04-13 15:28,Yu-Peng Chen,Rapid as Wildfires,117840
2023-04-23 07:06,Alan Silvestri,Captain America Main Titles,54293
2023-04-23 07:07,Alan Silvestri,I'm Forrest... Forrest Gump,44710
2023-04-23 07:07,Alan Silvestri,Frozen Wasteland,10665
2023-04-23 07:11,Mangli,Saranga Dariya,230048
2023-04-23 07:15,Imagine Dragons,Believer,204346
2023-04-23 07:18,Sid Sriram,Samajavaragamana,219818
2023-04-23 07:21,Daler Mehndi,Saahore Baahubali,163707
2023-04-23 07:22,Sid Sriram,Samajavaragamana,23
2023-04-23 07:22,Sid Sriram,Samajavaragamana,652
2023-04-23 07:22,Sid Sriram,Samajavaragamana,2367
2023-04-23 07:22,Shankar Mahadevan,Hanuman Chalisa,658
2023-04-23 07:22,Daler Mehndi,Saahore Baahubali,1435
2023-04-23 07:22,Mangli,Saranga Dariya,8240
2023-04-23 07:22,Mangli,Saranga Dariya,23
2023-04-23 07:22,Imagine Dragons,Believer,809
2023-04-23 07:26,Alice Merton,No Roots,237053
2023-04-23 07:29,CloudNone,Chasing Daylight,155160
2023-04-23 07:31,Imagine Dragons,Bones,165264
2023-04-23 07:35,Sid Sriram,Samajavaragamana,2159
2023-04-23 07:35,Imagine Dragons,Believer,204346
2023-04-23 07:51,CloudNone,Chasing Daylight,3817
2023-04-23 07:51,Shankar Mahadevan,Hanuman Chalisa,29818
2023-04-23 07:51,Mangli,Saranga Dariya,230048
2023-04-23 07:54,Daler Mehndi,Saahore Baahubali,163280
2023-04-23 07:54,Mangli,Saranga Dariya,23
2023-04-23 07:54,Imagine Dragons,Believer,0
2023-04-23 07:54,Imagine Dragons,Believer,17443
2023-04-24 17:44,Huberman Lab,GUEST SERIES | Dr. Andy Galpin: Maximize Recovery to Achieve Fitness & Performance Goals,738123
2023-04-26 03:04,Jon Bellion,Guillotine,14885
2023-04-26 03:05,Kad1r,Balenciaga,4172
2023-04-26 03:05,T3NZU,Balenciaga,1514
2023-04-26 03:05,Andre Gontej,New Balenciaga,2582
2023-04-26 03:05,SLAP HOUSE MAFIA,Balenciaga,722
2023-04-26 03:06,SLAP HOUSE MAFIA,Balenciaga,52927
2023-04-26 03:08,Thip Trong,Lightvessel,161800
2023-04-29 09:51,The Joe Rogan Experience,#1080 - David Goggins,4904
2023-04-29 09:51,The Joe Rogan Experience,#1080 - David Goggins,1863963
2023-05-05 11:54,Imagine Dragons,Believer,11550
2023-05-05 11:56,The Joe Rogan Experience,#1907 - Protect Our Parks 6,0
2023-05-05 11:56,The Joe Rogan Experience,#1906 - David Goggins,90182
2023-05-05 11:58,The Joe Rogan Experience,#1906 - David Goggins,109794
2023-05-05 14:53,The Joe Rogan Experience,#1080 - David Goggins,2259804
2023-05-05 17:44,The Joe Rogan Experience,#1842 - Andrew Huberman,605560
2023-05-07 11:36,The Joe Rogan Experience,#1080 - David Goggins,635989
2023-05-07 12:14,The Joe Rogan Experience,#1080 - David Goggins,2287959
2023-05-07 13:36,The Joe Rogan Experience,#1081 - Bret Weinstein & Heather Heying,909181
2023-05-07 19:05,The Joe Rogan Experience,#1080 - David Goggins,1542695
2023-05-07 21:46,The Joe Rogan Experience,#1842 - Andrew Huberman,9661081
2023-05-08 00:00,The Joe Rogan Experience,#1906 - David Goggins,8075234
2023-05-08 09:18,The Joe Rogan Experience,#1906 - David Goggins,3388813
2023-05-08 19:38,The Joe Rogan Experience,#1906 - David Goggins,275274
2023-05-08 19:58,Huberman Lab,"How to Breathe Correctly for Optimal Health, Mood, Learning & Performance",578640
2023-05-09 18:45,Lex Fridman Podcast,"#376 – Stephen Wolfram: ChatGPT and the Nature of Truth, Reality & Computation",330360
2023-05-09 22:34,Lex Fridman Podcast,"#376 – Stephen Wolfram: ChatGPT and the Nature of Truth, Reality & Computation",13684600
2023-05-09 23:10,The Joe Rogan Experience,#1212 - David Goggins,2115000
2023-05-10 10:17,Eminem,Just Lose It,0
2023-05-10 10:19,Eminem,Just Lose It,83120
2023-05-10 10:27,Eminem,Venom - Music From The Motion Picture,269573
2023-05-10 10:38,Imagine Dragons,Believer,6680
2023-05-20 18:03,Lex Fridman Podcast,"#376 – Stephen Wolfram: ChatGPT and the Nature of Truth, Reality & Computation",1838887
2023-05-20 19:32,Lex Fridman Podcast,"#376 – Stephen Wolfram: ChatGPT and the Nature of Truth, Reality & Computation",4905978
2023-05-28 16:17,Lex Fridman Podcast,"#376 – Stephen Wolfram: ChatGPT and the Nature of Truth, Reality & Computation",873730
2023-05-28 16:48,Huberman Lab,"Dr. Gina Poe: Use Sleep to Enhance Learning, Memory & Emotional State",1864110
2023-06-03 10:37,Lex Fridman Podcast,#381 – Chris Lattner: Future of Programming and AI,3911688
2023-06-06 21:53,Lex Fridman Podcast,#381 – Chris Lattner: Future of Programming and AI,7686545
2023-06-06 23:27,Lex Fridman Podcast,#374 – Robert Playter: Boston Dynamics CEO on Humanoid and Legged Robotics,5613016
2023-06-06 23:27,Lex Fridman Podcast,#381 – Chris Lattner: Future of Programming and AI,19914
2023-06-07 21:20,The Joe Rogan Experience,#1527 - David Blaine,3656369
2023-06-11 14:50,Huberman Lab,"The Science of Healthy Hair, Hair Loss and How to Regrow Hair",232264
2023-06-18 06:39,Huberman Lab,The Science of MDMA & Its Therapeutic Uses: Benefits & Risks,255156
2023-06-18 06:40,WTF is with Nikhil Kamath,"Ep #5 | WTF Is Ed-Tech | What’s Broken, What’s Next? With Nikhil, Ronnie, Gaurav and Jay",50235
2023-06-18 06:57,Lex Fridman Podcast,#381 – Chris Lattner: Future of Programming and AI,336920
2023-06-19 14:06,Zoë Keating,Forest,45000
2023-06-19 14:12,Zoë Keating,Optimist,301960
2023-06-19 14:14,Zoë Keating,Hello Night,130474
2023-06-20 03:34,Zoë Keating,Hello Night,138019
2023-06-20 03:36,Zoë Keating,The Last Bird,116920
2023-06-20 03:42,Zoë Keating,Seven League Boots,370746
2023-06-20 04:15,Zoë Keating,Legions (War),114093
2023-06-25 19:38,Zoë Keating,Legions (War),16373
2023-06-25 19:53,Zoë Keating,Optimist (Live),187240
2023-06-25 20:29,Nic D,Gasoline,103235
2023-06-25 20:31,Stellar,Daredevil,129163
2023-06-26 05:58,Connor Price,Violet,122880
2023-06-26 12:57,Connor Price,Chatter,140164
2023-06-26 13:00,Stileto,Super Villain,136854
2023-06-26 13:01,Connor Price,Chatter,73755
2023-06-26 14:14,Nic D,Gasoline,101616
2023-06-26 14:16,Connor Price,Violet,121267
2023-06-27 15:33,Connor Price,Violet,122880
2023-06-27 15:36,Connor Price,Chatter,168844
2023-06-27 15:39,Connor Price,Chatter,7812
2023-06-27 15:39,Stellar,Daredevil,135336
2023-06-27 18:46,Connor Price,Drop,68107
2023-06-28 05:03,Zoë Keating,Hello Night,268493
2023-06-28 05:08,Zoë Keating,Flying & Flocking,296813
2023-06-28 05:16,Zoë Keating,Fern,500893
2023-06-28 05:39,Zoë Keating,Optimist (Live),5552
2023-06-28 09:31,Mangli,Saranga Dariya,45954
2023-06-29 07:07,Connor Price,Violet,122760
2023-06-29 07:08,Connor Price,Spinnin,109766
2023-06-29 07:11,Ryan Mack,Overwhelmed (Ryan Mack Remix),32908
2023-06-29 07:19,The Joe Rogan Experience,#1906 - David Goggins,345903
2023-06-29 09:36,The Joe Rogan Experience,#1212 - David Goggins,5262
2023-07-01 06:13,Zoë Keating,Optimist (Live),7980
2023-07-01 06:14,Nic D,Gasoline,103235
2023-07-01 06:17,Connor Price,Chatter,140164
2023-07-01 06:31,Peter Gabriel,My Body Is A Cage,100039
2023-07-01 14:37,Peter Gabriel,My Body Is A Cage,2023
2023-07-01 14:44,John Denver,"Take Me Home, Country Roads - Original Version",190160
2023-07-01 14:47,Taylor Swift,Wildest Dreams,220440
2023-07-01 14:50,Stellar,Daredevil,135336
2023-07-01 14:54,Woodkid,Run Boy Run,213266
2023-07-01 14:58,Yo Yo Honey Singh,"Chaar Botal Vodka (From ""Ragini Mms 2"")",225837
2023-07-01 14:59,Imagine Dragons,Bones,33231
2023-07-01 15:01,Imagine Dragons,Bones,2080
2023-07-02 10:09,Huberman Lab,Dr. Jeffrey Goldberg: How to Improve Your Eye Health & Offset Vision Loss,21120
2023-07-02 10:29,Huberman Lab,Dr. Jeffrey Goldberg: How to Improve Your Eye Health & Offset Vision Loss,503120
2023-07-05 13:03,Exodar,Baby Sleep Brown Noise 2,135000
2023-07-05 13:05,Grey Sample Library,Dark Brown Noise,129000
2023-07-05 13:22,LLQ,Low Brown Noise,37919
2023-07-10 21:03,Jain,Makeba,249533
2023-07-11 16:24,Camila Cabello,Havana (feat. Young Thug),216802
2023-07-11 16:27,Jain,Star,181296
2023-07-11 16:31,Camila Cabello,Never Be the Same,226780
2023-07-11 16:32,Jain,Come,60957
2023-07-11 16:35,AronChupa,I'm an Albatraoz,166584
2023-07-11 16:41,Peter Gabriel,My Body Is A Cage,372448
2023-07-11 16:44,John Denver,"Take Me Home, Country Roads - Original Version",189734
2023-07-11 16:48,Yo Yo Honey Singh,"Chaar Botal Vodka (From ""Ragini Mms 2"")",225592
2023-07-11 16:50,Nic D,Gasoline,102952
2023-07-11 16:52,Imagine Dragons,Bones,164985
2023-07-11 16:55,Stellar,Daredevil,135012
2023-07-11 16:59,Jain,Makeba,249277
2023-07-11 17:03,Mangli,Saranga Dariya,229815
2023-07-12 05:46,King Delt,Toxic,79211
2023-07-12 05:47,King Delt,Toxic,5018
2023-07-12 06:00,Peter Gabriel,My Body Is A Cage,372499
2023-07-12 16:40,Lex Fridman Podcast,"#389 – Benjamin Netanyahu: Israel, Palestine, Power, Corruption, Hate, and Peace",45758
2023-07-12 17:43,Lex Fridman Podcast,"#389 – Benjamin Netanyahu: Israel, Palestine, Power, Corruption, Hate, and Peace",3060683
2023-07-14 13:56,Huberman Lab,"Science & Tools For Muscle Growth, Increasing Strength & Muscular Recovery",2848932
2023-07-14 14:48,Koven,Lions - VIP,49887
2023-07-14 14:50,Connor Price,Chatter,140164
2023-07-14 16:54,Mangli,Saranga Dariya,200141
2023-07-14 17:16,Bonkers Beat Club,This 808 Kills Fascists,148061
2023-07-14 17:16,Splasher!,A Lick and a Promise,4577
2023-07-14 17:18,Bonkers Beat Club,In the Cypher,147943
2023-07-14 17:20,Bonkers Beat Club,Big Big Man,126204
2023-07-14 17:23,Bonkers Beat Club,Swoosh,125361
2023-07-14 17:26,Bonkers Beat Club,Dancing with the Devil,197824
2023-07-14 17:29,Bonkers Beat Club,You Take Me to Paradise,183222
2023-07-14 17:31,Bonkers Beat Club,Bruiser,143252
2023-07-14 17:34,Bonkers Beat Club,Automagic,127492
2023-07-14 17:36,Bonkers Beat Club,Add It Up (Blah Blah),121992
2023-07-14 17:39,Bonkers Beat Club,Schhh,209485
2023-07-14 17:42,Bonkers Beat Club,Fifteen on Me,198020
2023-07-14 17:45,Bonkers Beat Club,Black and Blue,159701
2023-07-14 17:49,Bonkers Beat Club,Horse Power Brass,204809
2023-07-14 17:52,Bonkers Beat Club,True Cowboy,178227
2023-07-14 17:54,Bonkers Beat Club,Swingers,132613
2023-07-14 17:57,Bonkers Beat Club,K What,178393
2023-07-14 18:00,Bonkers Beat Club,FC Naivete,159825
2023-07-14 18:02,Bonkers Beat Club,Fury Club,169282
2023-07-14 18:05,Bonkers Beat Club,Biggest Guy in Division Five,166598
2023-07-14 18:08,Bonkers Beat Club,Bruiser,143188
2023-07-14 20:49,Bonkers Beat Club,In the Cypher,2046
2023-07-15 21:24,The Joe Rogan Experience,#1908 - Erika Thompson,4461531
2023-07-16 08:45,Thinking Elixir Podcast,157: Adding Dialyzer Late in the Game,3295763
2023-07-16 08:47,Thinking Elixir Podcast,158: From Ruby to Elixir with Steve Bussey,59741
2023-07-16 09:18,Thinking Elixir Podcast,130: Bumblebee Buzz with José Valim,1239240
2023-07-16 10:17,The Joe Rogan Experience,#1698 - Neill Blomkamp,1546494
2023-07-16 10:20,Hans Zimmer,Wonder Woman Main Theme,0
2023-07-16 10:24,Hans Zimmer,Wonder Woman Main Theme,173705
2023-07-16 10:25,Break of Reality,Rains of Castamere,27542
2023-07-16 10:33,Led Zeppelin,Stairway to Heaven - Remaster,482669
2023-07-16 10:36,Led Zeppelin,Immigrant Song - Remaster,145992
2023-07-16 10:39,Led Zeppelin,Whole Lotta Love - 1990 Remaster,187053
2023-07-16 10:44,Led Zeppelin,Black Dog - Remaster,295091
2023-07-16 13:03,Thinking Elixir Podcast,130: Bumblebee Buzz with José Valim,45880
2023-07-16 18:57,Led Zeppelin,Rock and Roll - Remaster,2100
2023-07-18 19:23,Mike Diva,Kazoo Kid Trap - Original Mix,17311
2023-07-18 19:24,Dave Winnel,Kazoo,11867
2023-07-18 19:26,Ashez,Kazoo,5891
2023-07-19 21:05,Jain,Makeba,249533
2023-07-19 21:08,Jain,Come,162330
2023-07-19 21:11,Mangli,Saranga Dariya,230086
2023-07-19 21:14,Bonkers Beat Club,This 808 Kills Fascists,148259
2023-07-19 21:15,Stellar,El Dorado,12748
2023-07-19 21:15,Stellar,Daredevil,38447
2023-07-19 21:17,Stellar,More Than Friends,126200
2023-07-19 21:19,Connor Price,Chatter,140164
2023-07-19 21:19,Stellar,Daredevil,5746
2023-07-19 21:20,Adam Jensen,Yoko Oh No,3103
2023-07-20 05:25,Jain,Makeba,249181
2023-07-20 05:27,Nic D,Gasoline,102945
2023-07-20 05:29,Connor Price,Violet,122757
2023-07-20 05:31,Connor Price,Chatter,139631
2023-07-20 05:33,Stellar,Daredevil,135046
2023-07-20 05:37,Yo Yo Honey Singh,"Chaar Botal Vodka (From ""Ragini Mms 2"")",225530
2023-07-20 05:41,Woodkid,Run Boy Run,213031
2023-07-20 05:44,Imagine Dragons,Bones,165042
2023-07-20 06:21,Taylor Swift,Wildest Dreams,110003
2023-07-20 06:57,Mangli,Saranga Dariya,228435
2023-07-20 07:00,AronChupa,I'm an Albatraoz,165260
2023-07-20 07:02,King Delt,Toxic,122292
2023-07-20 07:06,John Denver,"Take Me Home, Country Roads - Original Version",188460
2023-07-20 07:19,Peter Gabriel,My Body Is A Cage,371174
2023-07-20 08:40,Bonkers Beat Club,This 808 Kills Fascists,21256
2023-07-20 08:40,Taylor Swift,Wildest Dreams,30014
2023-07-20 08:41,Hans Zimmer,Wonder Woman Main Theme,2856
2023-07-20 08:41,Hans Zimmer,Wonder Woman Main Theme,677
2023-07-20 08:41,Hans Zimmer,Wonder Woman Main Theme,0
2023-07-20 08:45,Hans Zimmer,Wonder Woman Main Theme,223536
2023-07-20 08:46,Kyle Dixon & Michael Stein,Stranger Things,67275
2023-07-20 08:47,Le Castle Vania,The Red Circle,19409
2023-07-20 09:19,That Triathlon Show,"Running form, biomechanics, shoes, and myths part 1 with Dr. Thomas Hughes | EP#110",501612
2023-07-20 09:21,Bonkers Beat Club,This 808 Kills Fascists,147958
2023-07-20 09:22,John Denver,"Take Me Home, Country Roads - Original Version",30110
2023-07-20 11:19,Bonkers Beat Club,This 808 Kills Fascists,21501
2023-07-20 11:22,Bonkers Beat Club,This 808 Kills Fascists,146605
2023-07-20 11:24,Bonkers Beat Club,This 808 Kills Fascists,146745
2023-07-20 11:27,Bonkers Beat Club,This 808 Kills Fascists,146714
2023-07-20 11:30,Bonkers Beat Club,This 808 Kills Fascists,146742
2023-07-21 05:09,Jain,Makeba,186464
2023-07-21 11:45,Jain,Makeba,36536
2023-07-21 11:45,Jain,Come,18070
2023-07-21 11:49,Jain,Makeba,249533
2023-07-21 11:50,Jain,The Fool,9777
2023-07-21 11:53,Bonkers Beat Club,This 808 Kills Fascists,148259
2023-07-21 12:13,Taylor Swift,Wildest Dreams,175120
2023-07-21 14:22,Bonkers Beat Club,This 808 Kills Fascists,110152
2023-07-21 14:22,Bonkers Beat Club,This 808 Kills Fascists,125083
2023-07-21 14:24,Taylor Swift,Wildest Dreams,45166
2023-07-21 14:28,Woodkid,Run Boy Run,213089
2023-07-21 14:31,Yo Yo Honey Singh,"Chaar Botal Vodka (From ""Ragini Mms 2"")",225645
2023-07-21 14:38,Peter Gabriel,My Body Is A Cage,372674
2023-07-21 14:42,Jain,Makeba,249425
2023-07-21 14:44,Stellar,Daredevil,135235
2023-07-21 14:47,AronChupa,I'm an Albatraoz,166681
2023-07-21 14:49,Nic D,Gasoline,103216
2023-07-21 14:49,King Delt,Toxic,9917
2023-07-21 14:53,Mangli,Saranga Dariya,229924
2023-07-21 14:56,Imagine Dragons,Bones,165183
2023-07-21 14:59,John Denver,"Take Me Home, Country Roads - Original Version",189931
2023-07-21 15:01,Connor Price,Violet,122717
2023-07-21 15:04,Connor Price,Chatter,139838
2023-07-22 19:28,Jain,Makeba,249533
2023-07-23 05:02,AronChupa,I'm an Albatraoz,11628
2023-07-23 05:04,Stellar,Daredevil,135336
2023-07-23 05:07,John Denver,"Take Me Home, Country Roads - Original Version",190160
2023-07-23 05:10,Bonkers Beat Club,This 808 Kills Fascists,148259
2023-07-23 05:18,Yo Yo Honey Singh,"Chaar Botal Vodka (From ""Ragini Mms 2"")",225837
2023-07-23 05:22,Woodkid,Run Boy Run,213266
2023-07-23 05:24,Nic D,Gasoline,103235
2023-07-23 05:28,Mangli,Saranga Dariya,230086
2023-07-23 05:31,Imagine Dragons,Bones,165302
2023-07-23 05:34,Connor Price,Violet,122880
2023-07-23 05:36,Connor Price,Chatter,140164
2023-07-23 05:36,Peter Gabriel,My Body Is A Cage,15008
2023-07-23 05:40,Taylor Swift,Wildest Dreams,220440
2023-07-23 05:45,Jain,Makeba,249533
2023-07-23 05:47,AronChupa,I'm an Albatraoz,166881
2023-07-23 05:50,Stellar,Daredevil,135336
2023-07-23 05:55,John Denver,"Take Me Home, Country Roads - Original Version",190160
2023-07-23 05:58,Bonkers Beat Club,This 808 Kills Fascists,148259
2023-07-23 06:02,Yo Yo Honey Singh,"Chaar Botal Vodka (From ""Ragini Mms 2"")",225837
2023-07-23 06:06,Woodkid,Run Boy Run,213266
2023-07-23 06:08,Nic D,Gasoline,103235
2023-07-23 06:12,Mangli,Saranga Dariya,230086
2023-07-23 06:15,Imagine Dragons,Bones,165302
2023-07-23 06:18,Connor Price,Violet,122880
2023-07-23 06:20,Connor Price,Chatter,140164
2023-07-23 06:26,Peter Gabriel,My Body Is A Cage,372666
2023-07-23 06:30,Taylor Swift,Wildest Dreams,220440
2023-07-24 06:41,Jain,Makeba,249533
2023-07-24 07:18,AronChupa,I'm an Albatraoz,38806
2023-07-24 07:22,Jain,Makeba,202460
2023-07-24 07:53,Bonkers Beat Club,This 808 Kills Fascists,148259
2023-07-24 07:54,Connor Price,Chatter,9532
2023-07-24 07:54,Bonkers Beat Club,This 808 Kills Fascists,599
2023-07-24 07:54,Taylor Swift,Wildest Dreams,790
2023-07-24 07:56,Bonkers Beat Club,This 808 Kills Fascists,148259
2023-07-24 07:57,Bonkers Beat Club,This 808 Kills Fascists,57181
2023-07-24 07:59,Connor Price,Violet,122880
2023-07-26 19:01,The Joe Rogan Experience,#1847 - Theo Von,1225404
2023-07-27 18:42,Ram Jam,Black Betty,11095
2023-07-27 18:52,Spiderbait,Black Betty,7400
2023-07-28 10:06,Daddy Yankee,Gasolina,30267
2023-07-28 10:11,Spiderbait,Black Betty,250724
2023-07-28 13:51,Spiderbait,Black Betty,247968
2023-07-28 13:55,Spiderbait,Black Betty,255256
2023-07-28 14:00,AC/DC,Thunderstruck,149119
2023-07-28 14:04,Spiderbait,Black Betty - Edit,0
2023-07-28 14:05,Spiderbait,Black Betty - Edit,0
2023-07-28 14:07,Led Zeppelin,Immigrant Song - Remaster,1632
2023-07-28 14:09,Spiderbait,Black Betty - Edit,1632
2023-07-28 14:13,Ram Jam,Black Betty,238693
2023-07-28 14:15,Led Zeppelin,Immigrant Song - Remaster,146142
2023-07-28 16:51,Blur,Song 2 - 2012 Remaster,15054
2023-07-28 17:12,Ram Jam,Black Betty,238622
2023-07-28 17:14,Led Zeppelin,Immigrant Song - Remaster,145968
2023-07-28 17:16,Blur,Song 2 - 2012 Remaster,121007
2023-07-28 17:19,Queen,We Will Rock You - Remastered 2011,121946
2023-07-28 17:21,Creedence Clearwater Revival,Fortunate Son,140630
2023-07-29 06:04,AC/DC,Thunderstruck,11865
2023-07-29 06:09,AC/DC,Thunderstruck,292729
2023-07-29 06:13,Ram Jam,Black Betty,238699
2023-07-29 06:15,Led Zeppelin,Immigrant Song - Remaster,146130
2023-07-29 06:17,Blur,Song 2 - 2012 Remaster,120791
2023-07-29 06:20,Creedence Clearwater Revival,Fortunate Son,140633
2023-07-29 06:22,Queen,We Will Rock You - Remastered 2011,121780
2023-07-29 06:27,AC/DC,Thunderstruck,292660
2023-07-29 06:33,The Charlie Daniels Band,The Devil Went Down to Georgia,320044
2023-07-29 06:38,Led Zeppelin,Black Dog - Remaster,295166
2023-07-29 06:42,KONGOS,Come with Me Now,211791
2023-07-29 06:46,ZZ Top,La Grange - 2005 Remaster,230248
2023-07-29 06:52,Queen,Another One Bites The Dust - Remastered 2011,214473
2023-07-29 06:56,The White Stripes,Seven Nation Army,231864
2023-07-29 07:02,The Who,Baba O'Riley,300156
2023-07-29 07:10,Led Zeppelin,Stairway to Heaven - Remaster,482666
2023-07-29 07:37,AC/DC,Highway to Hell,208156
2023-07-29 08:30,Airbourne,"Too Much, Too Young, Too Fast",226400
2023-07-29 08:33,Caesars,Jerk It Out,195280
2023-07-29 08:37,The Rolling Stones,"Paint It, Black",201893
2023-07-29 08:40,The Hives,Tick Tick Boom,205113
2023-07-29 10:37,Led Zeppelin,Whole Lotta Love - 1990 Remaster,333686
2023-07-29 10:41,Yes,Owner of a Lonely Heart,268102
2023-07-29 10:44,Ram Jam,Black Betty,148492
2023-07-29 10:48,ZZ Top,Sharp Dressed Man - 2008 Remaster,257792
2023-07-29 13:32,Joan Jett & the Blackhearts,I Love Rock 'N Roll,17108
2023-07-29 13:32,Joan Jett & the Blackhearts,I Love Rock 'N Roll,7016
2023-07-29 13:34,Ram Jam,Black Betty,0
2023-07-29 14:09,Led Zeppelin,Immigrant Song - Remaster,147035
2023-07-29 14:11,Blur,Song 2 - 2012 Remaster,120915
2023-07-29 14:13,Queen,We Will Rock You - Remastered 2011,121756
2023-07-29 14:15,Creedence Clearwater Revival,Fortunate Son,140551
2023-07-29 14:51,AC/DC,Thunderstruck,292698
2023-07-29 14:56,The Charlie Daniels Band,The Devil Went Down to Georgia,214174
2023-07-29 15:01,Led Zeppelin,Black Dog - Remaster,295249
2023-07-29 15:04,KONGOS,Come with Me Now,211644
2023-07-29 15:16,ZZ Top,La Grange - 2005 Remaster,230182
2023-07-30 04:23,Queen,Another One Bites The Dust - Remastered 2011,194708
2023-07-30 07:57,Queen,Another One Bites The Dust - Remastered 2011,1526
2023-07-30 08:01,Queen,Another One Bites The Dust - Remastered 2011,212986
2023-07-30 08:05,Ram Jam,Black Betty,238813
2023-07-30 09:42,Really Slow Motion,Deadwood,14721
2023-07-30 09:47,Really Slow Motion,Deadwood,325954
2023-07-30 10:32,Really Slow Motion,Deadwood,4949
2023-08-01 14:16,Ram Jam,Black Betty,1197
2023-08-01 14:16,Led Zeppelin,Immigrant Song - Remaster,85462
2023-08-01 14:17,Bonkers Beat Club,This 808 Kills Fascists,0
2023-08-01 14:21,Jain,Makeba,249369
2023-08-01 14:23,Nic D,Gasoline,102967
2023-08-01 14:25,Connor Price,Violet,122511
2023-08-01 14:29,Taylor Swift,Wildest Dreams,220278
2023-08-01 14:31,Bonkers Beat Club,This 808 Kills Fascists,148020
2023-08-01 14:35,John Denver,"Take Me Home, Country Roads - Original Version",190002
2023-08-02 14:18,AronChupa,I'm an Albatraoz,24712
2023-08-02 14:21,Stellar,Daredevil,135204
2023-08-02 14:26,Jain,Makeba,249392
2023-08-02 14:27,Nic D,Gasoline,102971
2023-08-02 14:30,Led Zeppelin,Immigrant Song - Remaster,146146
2023-08-02 14:34,Mangli,Saranga Dariya,229915
2023-08-03 14:07,Nic D,Gasoline,5170
2023-08-03 14:07,Rustage,Blood (Alucard Rap),115402
2023-08-04 12:03,Peter Gabriel,My Body Is A Cage,30195
2023-08-04 12:06,Bonkers Beat Club,This 808 Kills Fascists,148236
2023-08-04 12:12,Jain,Makeba,249428
2023-08-04 12:13,Nic D,Gasoline,103236
2023-08-04 12:15,Connor Price,Violet,122880
2023-08-04 12:18,Connor Price,Chatter,140106
2023-08-04 12:20,Stellar,Daredevil,135228
2023-08-04 12:24,Yo Yo Honey Singh,"Chaar Botal Vodka (From ""Ragini Mms 2"")",225601
2023-08-04 12:28,Woodkid,Run Boy Run,213101
2023-08-04 12:31,Imagine Dragons,Bones,165210
2023-08-04 15:36,Taylor Swift,Wildest Dreams,46647
2023-08-04 17:41,Nic D,Gasoline,103235
2023-08-04 17:44,Nic D,Gasoline,103235
2023-08-04 17:56,Nic D,Gasoline,38768
2023-08-06 10:17,The Joe Rogan Experience,#1958 - Andrew Huberman,1031861
2023-08-07 13:56,Ram Jam,Black Betty,239003
2023-08-07 13:59,AronChupa,I'm an Albatraoz,166881
2023-08-07 14:04,Yo Yo Honey Singh,"Chaar Botal Vodka (From ""Ragini Mms 2"")",225837
2023-08-07 14:56,Taylor Swift,Wildest Dreams,327168
2023-08-07 15:46,Peter Gabriel,My Body Is A Cage,98710
2023-08-08 13:24,Peter Gabriel,My Body Is A Cage,274085
2023-08-08 13:28,Jain,Makeba,17201
2023-08-08 13:28,Bonkers Beat Club,This 808 Kills Fascists,0
2023-08-08 13:28,Bonkers Beat Club,This 808 Kills Fascists,148259
2023-08-08 13:28,Peter Gabriel,My Body Is A Cage,936
2023-08-08 13:28,Peter Gabriel,My Body Is A Cage,1803
2023-08-08 13:28,Taylor Swift,Wildest Dreams,2115
2023-08-08 13:44,Jain,Makeba,1017
2023-08-08 13:44,Bonkers Beat Club,This 808 Kills Fascists,116078
2023-08-08 13:46,Nic D,Gasoline,103235
2023-08-08 13:49,Connor Price,Chatter,140164
2023-08-08 13:51,Stellar,Daredevil,135336
2023-08-08 13:53,Connor Price,Violet,122880
2023-08-08 15:25,Peter Gabriel,My Body Is A Cage,270943
2023-08-08 15:27,Bonkers Beat Club,This 808 Kills Fascists,148020
2023-08-08 15:31,Jain,Makeba,249234
2023-08-08 15:36,ZZ Top,Sharp Dressed Man - 2008 Remaster,257854
2023-08-08 15:38,Nic D,Gasoline,103058
2023-08-08 15:40,Connor Price,Chatter,139841
2023-08-08 15:42,Stellar,Daredevil,135195
2023-08-08 15:47,Yes,Owner of a Lonely Heart,268090
2023-08-08 15:49,Connor Price,Violet,122755
2023-08-08 15:52,John Denver,"Take Me Home, Country Roads - Original Version",189793
2023-08-08 15:56,Mangli,Saranga Dariya,229781
2023-08-08 16:01,AC/DC,Thunderstruck,292533
2023-08-08 16:05,Woodkid,Run Boy Run,213115
2023-08-08 16:07,Imagine Dragons,Bones,165120
2023-08-08 16:10,Led Zeppelin,Immigrant Song - Remaster,146015
2023-08-08 16:14,The Charlie Daniels Band,The Devil Went Down to Georgia,214174
2023-08-08 16:17,Stellar,Ashes,166163
2023-08-08 16:21,Ram Jam,Black Betty,238614
2023-08-08 16:23,AronChupa,I'm an Albatraoz,166582
2023-08-08 17:11,John Denver,"Take Me Home, Country Roads - Original Version",259029
2023-08-08 17:15,Mangli,Saranga Dariya,230086
2023-08-08 17:19,Woodkid,Run Boy Run,213266
2023-08-08 17:22,Imagine Dragons,Bones,165302
2023-08-08 17:25,Led Zeppelin,Immigrant Song - Remaster,146308
2023-08-09 15:33,Yo Yo Honey Singh,"Chaar Botal Vodka (From ""Ragini Mms 2"")",2282
2023-08-09 15:37,Led Zeppelin,Immigrant Song - Remaster,144541
2023-08-09 15:41,The Charlie Daniels Band,The Devil Went Down to Georgia,214080
2023-08-09 15:45,Stellar,Ashes,166153
2023-08-09 15:49,Ram Jam,Black Betty,238774
2023-08-09 15:52,AronChupa,I'm an Albatraoz,166543
2023-08-09 15:56,Yo Yo Honey Singh,"Chaar Botal Vodka (From ""Ragini Mms 2"")",225515
2023-08-09 16:00,Taylor Swift,Wildest Dreams,220071
2023-08-09 17:57,Peter Gabriel,My Body Is A Cage,372469
2023-08-09 17:59,Bonkers Beat Club,This 808 Kills Fascists,148010
2023-08-09 18:03,Jain,Makeba,249340
2023-08-09 18:08,ZZ Top,Sharp Dressed Man - 2008 Remaster,257768
2023-08-09 18:09,Nic D,Gasoline,103093
2023-08-09 18:12,Connor Price,Chatter,139897
2023-08-09 18:14,Stellar,Daredevil,135069
2023-08-09 18:19,Yes,Owner of a Lonely Heart,268306
2023-08-09 18:21,Connor Price,Violet,122731
2023-08-09 18:24,John Denver,"Take Me Home, Country Roads - Original Version",189872
2023-08-09 18:28,Mangli,Saranga Dariya,229886
2023-08-09 18:33,AC/DC,Thunderstruck,292627
2023-08-10 07:29,Woodkid,Run Boy Run,107906
2023-08-10 09:28,Woodkid,Run Boy Run,32453
2023-08-10 10:18,Fine Young Cannibals,She Drives Me Crazy,214088
2023-08-10 10:21,The Police,Roxanne,190301
2023-08-10 10:25,Peter Gabriel,i/o - Bright-Side Mix,230647
2023-08-10 10:31,Peter Gabriel,Mercy Street,376318
2023-08-10 10:35,INXS,Never Tear Us Apart,182971
2023-08-10 10:40,Peter Gabriel,Here Comes The Flood,337508
2023-08-10 10:46,Peter Gabriel,Road to Joy - Bright-Side Mix,319562
2023-08-10 10:51,Tracy Chapman,Fast Car,295291
2023-08-10 10:53,Peter Gabriel,Don't Give Up,108328
2023-08-10 10:53,Peter Gabriel,Down To Earth,610
2023-08-10 10:57,The Charlie Daniels Band,The Devil Went Down to Georgia,212806
2023-08-10 10:59,Led Zeppelin,Immigrant Song - Remaster,144773
2023-08-10 11:02,AronChupa,I'm an Albatraoz,165250
2023-08-10 11:08,AC/DC,Thunderstruck,291198
2023-08-10 11:09,Nic D,Gasoline,101564
2023-08-10 11:12,Connor Price,Chatter,138447
2023-08-10 15:09,Ram Jam,Black Betty,239003
2023-08-10 15:12,AronChupa,I'm an Albatraoz,166881
2023-08-10 15:43,Yo Yo Honey Singh,"Chaar Botal Vodka (From ""Ragini Mms 2"")",177479
2023-08-10 17:34,Yo Yo Honey Singh,"Chaar Botal Vodka (From ""Ragini Mms 2"")",225693
2023-08-10 17:37,Stellar,Ashes,166011
2023-08-10 17:40,Stellar,Daredevil,135012
2023-08-10 17:44,ZZ Top,Sharp Dressed Man - 2008 Remaster,257720
2023-08-11 14:22,Yes,Owner of a Lonely Heart,109844
2023-08-11 14:24,Yes,Owner of a Lonely Heart,75650
2023-08-11 15:24,Peter Gabriel,My Body Is A Cage,127270
2023-08-11 17:09,Peter Gabriel,My Body Is A Cage,245231
2023-08-11 17:13,Yo Yo Honey Singh,"Chaar Botal Vodka (From ""Ragini Mms 2"")",225544
2023-08-11 17:16,Connor Price,Chatter,139826
2023-08-11 17:18,AronChupa,I'm an Albatraoz,166474
2023-08-11 18:34,Yo Yo Honey Singh,"Chaar Botal Vodka (From ""Ragini Mms 2"")",48640
2023-08-11 18:56,Taylor Swift,Wildest Dreams,178556
2023-08-11 19:06,Peter Gabriel,My Body Is A Cage,2663
2023-08-12 06:05,Peter Gabriel,My Body Is A Cage,1021
2023-08-12 06:10,Bonkers Beat Club,This 808 Kills Fascists,1022
2023-08-12 06:21,Peter Gabriel,My Body Is A Cage,1022
2023-08-12 07:57,Ram Jam,Black Betty,248666
2023-08-12 08:00,Yes,Owner of a Lonely Heart,218073
2023-08-12 08:04,John Denver,"Take Me Home, Country Roads - Original Version",189886
2023-08-12 08:09,Woodkid,Run Boy Run,212875
2023-08-12 08:13,Taylor Swift,Wildest Dreams,220073
2023-08-12 08:15,Connor Price,Chatter,140013
2023-08-12 08:17,Nic D,Gasoline,102936
2023-08-12 08:19,Stellar,Daredevil,135062
2023-08-12 08:21,Connor Price,Violet,122557
2023-08-12 08:24,AronChupa,I'm an Albatraoz,166565
2023-08-12 08:30,Peter Gabriel,My Body Is A Cage,372363
2023-08-12 08:34,Yo Yo Honey Singh,"Chaar Botal Vodka (From ""Ragini Mms 2"")",225473
2023-08-12 08:38,The Charlie Daniels Band,The Devil Went Down to Georgia,213999
2023-08-12 08:40,Led Zeppelin,Immigrant Song - Remaster,146011
2023-08-12 08:45,ZZ Top,Sharp Dressed Man - 2008 Remaster,257802
2023-08-12 08:50,AC/DC,Thunderstruck,292525
2023-08-12 08:53,Imagine Dragons,Bones,164980
2023-08-12 08:57,Jain,Makeba,249215
2023-08-12 09:06,Mangli,Saranga Dariya,229753
2023-08-12 09:09,Bonkers Beat Club,This 808 Kills Fascists,147920
2023-08-12 09:11,Stellar,Ashes,166134
2023-08-12 09:23,Ram Jam,Black Betty,238687
2023-08-12 09:28,Yes,Owner of a Lonely Heart,268300
2023-08-12 09:31,John Denver,"Take Me Home, Country Roads - Original Version",189988
2023-08-12 09:35,Woodkid,Run Boy Run,213055
2023-08-12 09:39,Taylor Swift,Wildest Dreams,220333
2023-08-12 09:41,Connor Price,Chatter,139940
2023-08-12 09:43,Nic D,Gasoline,103062
2023-08-12 09:45,Stellar,Daredevil,135130
2023-08-12 09:47,Connor Price,Violet,122701
2023-08-12 09:48,AronChupa,I'm an Albatraoz,1211
2023-08-12 11:04,Peter Gabriel,My Body Is A Cage,181
2023-08-12 11:21,Peter Gabriel,My Body Is A Cage,311840
2023-08-13 10:22,Peter Gabriel,My Body Is A Cage,57281
2023-08-13 10:26,Bonkers Beat Club,This 808 Kills Fascists,148259
2023-08-13 10:30,Jain,Makeba,249533
2023-08-13 10:35,ZZ Top,Sharp Dressed Man - 2008 Remaster,258089
2023-08-13 10:36,Nic D,Gasoline,103235
2023-08-13 13:05,Nic D,Gasoline,103235
2023-08-13 13:18,Connor Price,Chatter,14155
2023-08-13 13:36,Alice Merton,No Roots,146200
2023-08-16 18:02,Sean Paul,Temperature,30286
2023-08-17 12:36,Mahmoud Al Turky,Asheq Majnoon,221727
2023-08-17 12:37,Al Walid Hallani,Beamaret Meen,68940
2023-08-17 12:40,Mahmoud Al Turky,Hasid Ruhi,84959
2023-08-17 12:47,ZZ Top,Sharp Dressed Man - 2008 Remaster,258089
2023-08-17 12:49,Nic D,Gasoline,96139
2023-08-17 13:28,Nic D,Gasoline,7097
2023-08-17 13:28,John Denver,"Take Me Home, Country Roads - Original Version",1259
2023-08-17 13:31,Stellar,Ashes,166417
2023-08-17 13:33,Connor Price,Chatter,140164
2023-08-17 14:26,Yes,Owner of a Lonely Heart,907
2023-08-17 15:16,AC/DC,Thunderstruck,292919
2023-08-17 15:19,Imagine Dragons,Bones,165302
2023-08-17 15:21,Stellar,Daredevil,135336
2023-08-17 15:25,Ram Jam,Black Betty,239003
2023-08-17 15:31,Peter Gabriel,My Body Is A Cage,372666
2023-08-17 15:36,Woodkid,Run Boy Run,213266
2023-08-17 15:38,Led Zeppelin,Immigrant Song - Remaster,146308
2023-08-17 15:41,The Charlie Daniels Band,The Devil Went Down to Georgia,153413
2023-08-18 19:27,The Joe Rogan Experience,#1127 - Jesse Itzler,2886714
2023-08-19 10:05,The Joe Rogan Experience,#1127 - Jesse Itzler,2596347
2023-08-20 09:27,The Joe Rogan Experience,#1127 - Jesse Itzler,429833
2023-08-20 15:33,The Joe Rogan Experience,#1851 - Chris Williamson,45319
2023-08-20 21:41,The Joe Rogan Experience,#1851 - Chris Williamson,1336039
2023-08-22 20:58,Zoë Keating,Optimist,3934
2023-08-22 21:04,Zoë Keating,Hello Night,268493
2023-08-22 21:52,Zoë Keating,Lost,2246
2023-08-23 17:30,KALEO,Way down We Go,213315
2023-08-23 17:34,Alice Merton,No Roots,236800
2023-08-23 17:37,Woodkid,Run Boy Run,212870
2023-08-23 17:41,KONGOS,Come with Me Now,211602
2023-08-23 17:44,Portugal. The Man,Feel It Still,163017
2023-08-23 17:47,Twenty One Pilots,Heathens,167677
2023-08-24 19:15,The Joe Rogan Experience,#1906 - David Goggins,2457051
2023-08-25 15:03,The Joe Rogan Experience,#1906 - David Goggins,140760
2023-08-25 17:57,The Joe Rogan Experience,#1906 - David Goggins,586129
2023-08-26 03:36,Behind the Bastards,Part One: The Ballad of Bill Gates,1556195
2023-08-27 06:29,The Joe Rogan Experience,#1212 - David Goggins,451857
2023-08-27 12:44,Lex Fridman Podcast,"#389 – Benjamin Netanyahu: Israel, Palestine, Power, Corruption, Hate, and Peace",3645
2023-08-27 12:44,Huberman Lab,Dr. Jeffrey Goldberg: How to Improve Your Eye Health & Offset Vision Loss,460484
2023-08-27 13:01,Huberman Lab,Dr. Jeffrey Goldberg: How to Improve Your Eye Health & Offset Vision Loss,21480
2023-09-04 04:25,AC/DC,T.N.T.,214448
2023-09-04 04:25,Led Zeppelin,Immigrant Song - Remaster,1087
2023-09-09 05:20,Peter Gabriel,My Body Is A Cage,45360
2023-09-09 05:22,Connor Price,Chatter,140164
2023-09-09 05:28,AC/DC,Thunderstruck,292919
2023-09-09 05:31,AronChupa,I'm an Albatraoz,166881
2023-09-09 05:32,Stellar,Ashes,16537
2023-09-09 05:32,Imagine Dragons,Bones,562
2023-09-09 05:32,Yes,Owner of a Lonely Heart,1557
2023-09-09 05:36,Jain,Makeba,249533
2023-09-09 05:39,Peter Gabriel,My Body Is A Cage,196954
2023-09-09 05:44,Apparat,Goodbye,256835
2023-09-09 05:54,Kaleida,Think,211185
2023-09-09 05:57,Soap&Skin,Me and the Devil,185039
2023-09-09 06:01,Phantogram,When I'm Small,249126
2023-09-09 06:38,Apparat,Circles,24119
2023-09-09 10:46,Stellar,Ashes,166172
2023-09-09 10:49,Led Zeppelin,Immigrant Song - Remaster,146190
2023-09-09 10:54,The Charlie Daniels Band,The Devil Went Down to Georgia,214183
2023-09-09 10:57,John Denver,"Take Me Home, Country Roads - Original Version",190050
2023-09-09 11:03,Peter Gabriel,My Body Is A Cage,372680
2023-09-09 11:06,AronChupa,I'm an Albatraoz,166751
2023-09-09 11:10,Yo Yo Honey Singh,"Chaar Botal Vodka (From ""Ragini Mms 2"")",225818
2023-09-09 11:14,Yes,Owner of a Lonely Heart,268319
2023-09-09 11:19,ZZ Top,Sharp Dressed Man - 2008 Remaster,257852
2023-09-09 11:23,Taylor Swift,Wildest Dreams,220257
2023-09-09 12:47,AC/DC,Thunderstruck,292767
2023-09-09 12:51,Imagine Dragons,Bones,165187
2023-09-09 12:57,Jain,Makeba,247033
2023-09-09 12:59,Stellar,Daredevil,135335
2023-09-09 13:02,Connor Price,Violet,122779
2023-09-09 13:04,Bonkers Beat Club,This 808 Kills Fascists,148151
2023-09-09 13:08,Woodkid,Run Boy Run,213223
2023-09-09 13:11,Mangli,Saranga Dariya,230034
2023-09-09 13:13,Nic D,Gasoline,103114
2023-09-09 13:17,Ram Jam,Black Betty,238819
2023-09-09 13:20,Connor Price,Chatter,140057
2023-09-09 14:03,Stellar,Ashes,1307
2023-09-09 14:05,Led Zeppelin,Immigrant Song - Remaster,146106
2023-09-09 14:09,The Charlie Daniels Band,The Devil Went Down to Georgia,214360
2023-09-09 14:12,John Denver,"Take Me Home, Country Roads - Original Version",190098
2023-09-09 14:18,Peter Gabriel,My Body Is A Cage,372616
2023-09-09 14:26,AronChupa,I'm an Albatraoz,166645
2023-09-09 14:26,Yo Yo Honey Singh,"Chaar Botal Vodka (From ""Ragini Mms 2"")",11904
2023-09-09 14:30,Yes,Owner of a Lonely Heart,268486
2023-09-09 15:15,ZZ Top,Sharp Dressed Man - 2008 Remaster,257979
2023-09-09 15:18,Taylor Swift,Wildest Dreams,220337
2023-09-09 15:23,AC/DC,Thunderstruck,292812
2023-09-09 15:26,Imagine Dragons,Bones,165185
2023-09-09 15:30,Jain,Makeba,249347
2023-09-09 15:33,Stellar,Daredevil,135337
2023-09-09 15:35,Connor Price,Violet,122774
2023-09-09 15:42,Bonkers Beat Club,This 808 Kills Fascists,148014
2023-09-09 15:46,Woodkid,Run Boy Run,213028
2023-09-09 15:50,Mangli,Saranga Dariya,229844
2023-09-09 15:52,Nic D,Gasoline,103137
2023-09-09 15:56,Ram Jam,Black Betty,238902
2023-09-09 15:58,Connor Price,Chatter,140030
2023-09-09 21:48,Stellar,Ashes,10008
2023-09-09 21:54,Sid Sriram,Samajavaragamana,219496
2023-09-09 21:54,Mangli,Saranga Dariya,12643
2023-09-09 21:58,Sid Sriram,Nijame Ne Chebutunna,213649
2023-09-11 17:34,Mangli,Saranga Dariya,151911
2023-09-11 17:34,Sid Sriram,Nijame Ne Chebutunna,1093
2023-09-13 12:44,The Joe Rogan Experience,#2026 - Peter Berg,6384656
2023-09-13 18:18,The Joe Rogan Experience,#2026 - Peter Berg,38455
2023-09-13 20:56,The Joe Rogan Experience,#2027 - Oliver Anthony,1285
2023-09-13 20:56,The Joe Rogan Experience,#2029 - Bill Maher,37
2023-09-13 20:56,The Joe Rogan Experience,#2029 - Bill Maher,1716
2023-09-13 20:56,The Joe Rogan Experience,#2030 - Protect Our Parks 9,10730
2023-09-13 20:56,The Joe Rogan Experience,#2028 - Jeremy Corbell & George Knapp,719
2023-09-13 20:56,The Joe Rogan Experience,#2028 - Jeremy Corbell & George Knapp,97
2023-09-13 21:07,The Joe Rogan Experience,#2026 - Peter Berg,68286
2023-09-14 09:22,Matchbox Twenty,Push,20320
2023-09-14 20:04,The Joe Rogan Experience,#2033 - Matt Rife,1149620
2023-09-14 20:24,The Joe Rogan Experience,#2026 - Peter Berg,519825
2023-09-17 05:16,Milky Chance,Down By The River,17548
2023-09-17 05:17,Borislav Slavov,Down by the River,36787
2023-09-17 05:17,Led Zeppelin,Down by the Seaside - Remaster,3553
2023-09-17 05:27,Louis Armstrong,Down By The Riverside,10600
2023-09-18 15:28,Glass Animals,Heat Waves,25120
2023-09-21 07:14,Luis Fonsi,Despacito,229154
2023-09-21 09:29,Imagine Dragons,Believer,40458
2023-09-21 09:30,Imagine Dragons,Believer,4144
2023-09-21 09:36,Luis Fonsi,Despacito,229297
2023-09-21 09:37,Luis Fonsi,Despacito,47729
2023-09-24 01:06,Huberman Lab,"Dr. Sam Harris: Using Meditation to Focus, View Consciousness & Expand Your Mind",71351
2023-09-28 01:48,Huberman Lab,GUEST SERIES | Dr. Paul Conti: How to Understand & Assess Your Mental Health,248590
2023-09-28 02:07,Huberman Lab,GUEST SERIES | Dr. Paul Conti: How to Understand & Assess Your Mental Health,532800
2023-09-28 02:26,Huberman Lab,GUEST SERIES | Dr. Paul Conti: How to Understand & Assess Your Mental Health,237800
2023-09-29 15:12,Lex Fridman Podcast,#398 – Mark Zuckerberg: First Interview in the Metaverse,64365
2023-10-01 18:41,Lex Fridman Podcast,"#397 – Greg Lukianoff: Cancel Culture, Deplatforming, Censorship & Free Speech",2256
2023-10-02 05:26,Huberman Lab,AMA #11: Improve Task Switching & Productivity and Reduce Brain Fog,0
2023-10-03 11:40,Huberman Lab,AMA #11: Improve Task Switching & Productivity and Reduce Brain Fog,347001
2023-10-04 13:45,S3BZS,MONTAGEM - PR FUNK,11530
2023-10-05 16:22,KALEO,Way down We Go,213487
2023-10-05 16:35,Portugal. The Man,Feel It Still,161828
