,Your Twitter Account (ex. https://twitter.com/ga29),Your Instagram Account (ex. https://instagram.com/ga29),Your Facebook Account (ex. https://facebook.com/ga29),
p1,,,https://facebook.com/saisiddharth.duvvada,
p2,,,,
p3,,https://instagram.com/hi.im.buggy,https://facebook.com/pratyaksh.gautam,
p4,,https://www.instagram.com/_random_guy_here_/,https://www.facebook.com/jatin.agarwala.79/,
p5,,https://www.instagram.com/aravindaww/,https://www.facebook.com/aravindasai.g,
p6,,,,
p7,,,,
p8,https://twitter.com/wiccankark,,,
p9,,islammashrukh,,
p10,https://twitter.com/SaiAmritPatik,,https://www.facebook.com/amrit.patik.9,
p11,https://twitter.com/ruinedpenguin29,https://www.instagram.com/ruined_penguin/,https://www.facebook.com/lakshanshul,
p12,https://twitter.com/shreyakomal?t=o0OZpJNsTrB6fYFuEhvfDA&s=08,https://instagram.com/shreyakomal,https://m.facebook.com/profile.php?id=100000991215745,
p13,https://mobile.twitter.com/the_pansh,https://instagram.com/thepansh,,
p14,https://twitter.com/anmgoel,https://instagram.com/anmol__goel,,
p15,,,,
p16,https://twitter.com/Sugandha0109,https://www.instagram.com/sugandha._.arora,https://www.facebook.com/sugandha.arora93,
p17,,,,
p18,,,,
p19,https://www.twitter.com/grimoors,https://www.instagram.com/iamvivekmathur,https://www.facebook.com/vivek123mathurisme,
p20,twitter.com/raghavmittal,https://www.instagram.com/ra.gh.va/,https://www.facebook.com/profile.php?id=100079316187275,
p21,,chetanya.goyal,,
p22,,https://www.instagram.com/shreyasbadami/,,
p23,https://twitter.com/_Aryan_Pyrole_,https://www.instagram.com/aryan_1612_/,https://www.facebook.com/aryan.bansal.549/,
p24,,https://www.instagram.com/leordodipitt/,https://www.facebook.com/profile.php?id=100073226425100,
p25,,sriteja1729,,
p26,,https://www.instagram.com/sanika_aaa/,,
p27,,,,
p28,-,-,-,
p29,https://twitter.com/arghyasworld,https://www.instagram.com/arghyawning/,https://www.facebook.com/arghya.roy.7773631/,
p30,,https://www.instagram.com/ray_chithra/,https://www.facebook.com/profile.php?id=100009772202184,
p31,https://twitter.com/Siddhan13415542,https://www.instagram.com/_tachiba_shin/,https://www.facebook.com/siddhant.garg.7771,
p32,,https://www.instagram.com/ajitsrikanth,,
p33,,https://instagram.com/druhan_shah,,
p34,https://twitter.com/mr_altaboy,https://instagram.com/mr_altaboy,https://www.facebook.com/mraltaboy,
p35,,https://instagram.com/.aditya.sharma_911,,
p36,,https://www.instagram.com/stuti_chug/,,
p37,,https://www.instagram.com/sriram_devata/,,
p38,,,https://www.facebook.com/profile.php?id=100073247174310,
p39,,https://www.instagram.com/the_jade_reaper/,https://www.facebook.com/pramodrao.budramane.1/,
p40,,,,
p41,https://twitter.com/CharacterNo_141,https://www.instagram.com/utkar_shhh,fb.com/utkarsh.tripathi.121,
p42,,https://instagram.com/vansh_marda,,
p43,,https://instagram.com/bansal_priyanshu_26,https://www.facebook.com/priyanshubansal94/,
p44,,https://instagram.com/4_5_w_1_n,https://facebook.com/aswin.jose.583,
p45,https://mobile.twitter.com/Sumanth22069232,https://www.instagram.com/vnm_sumanth/,https://m.facebook.com/100011122746882/,
p46,https://twitter.com/Ziyadseem,https://www.instagram.com/ziyadseem/,https://www.facebook.com/Ziyad.seem.Rocks/,
p47,,,https://www.facebook.com/Pallav.loveforcr7/,
p48,,https://www.instagram.com/yashsampat23154/,https://www.facebook.com/yash.sampat.336,
p49,https://twitter.com/Tharunchalla51?t=juaHs-vbLMVu-ewudwM5vg&s=09,https://www.instagram.com/tharunchalla51/,https://m.facebook.com/100009612979870/,
p50,,https://www.instagram.com/paridead__/,,
p51,,,,
p52,,,https://www.facebook.com/rashi.dixit.16718,
p53,,https://www.instagram.com/varun_reddy_624/,https://www.facebook.com/BhavamSaiVarunReddy/,
p54,https://twitter.com/Jain_Arihant_,https://www.instagram.com/jain._.arihant/,,
p55,,https://www.instagram.com/srithmaddineni?r=metag,https://www.facebook.com/profile.php?id=100010972689805,
p56,,,,
p57,https://twitter.com/kbbhatt04/,https://www.instagram.com/kbbhatt04/,https://www.facebook.com/kbbhatt04,
p58,,https://www.instagram.com/csrt7/,https://www.facebook.com/teja.chebrolu.3,
p59,,https://www.instagram.com/akhil1693gupta/,,
p60,,https://www.instagram.com/saiprav9876,facebook.com/saiprav.chunduru,
p61,https://twitter.com/PVenkat23?t=gMYn9vJ5tazBY-eWhY3fsQ&s=09,https://instagram.com/venkatpothugunta?igshid=YmMyMTA2M2Y=,https://www.facebook.com/venkat.pothugunta,
p62,,https://www.instagram.com/aryan.kharbanda/,https://www.facebook.com/aryan.kharbanda.167/,
p63,,https://www.instagram.com/_jay.car_/,,
p64,https://twitter.com/Soumya_q,,,
p65,https://twitter.com/RayaanKhan2003,https://www.instagram.com/rayaan_khan_2003/,https://www.facebook.com/profile.php?id=100009333406388,
p66,,https://www.instagram.com/underzated/,https://www.facebook.com/shikhar.saxe.798/,
p67,,www.instagram.com/_aayush.ach_,,
p68,https://twitter.com/harshitagg4,https://instagram.com/harshitaggarwal4,https://www.facebook.com/profile.php?id=100075253927541,
p69,,,https://www.facebook.com/aarush.jain.779/,
p70,,https://www.instagram.com/abhiroop.talasila/,,
p71,,,https://www.facebook.com/profile.php?id=100054807023800,
p72,,https://www.instagram.com/specialized_b0y/,,
p73,,https://instagram.com/brahoed,https://www.facebook.com/brahad.kokad.9,
p74,https://twitter.com/Harsha20032020,https://www.instagram.com/nharsha_vardhan/,https://www.facebook.com/profile.php?id=100054870770827,
p75,https://twitter.com/PraddyumnS,https://www.instagram.com/_.praddyumn._/,https://www.facebook.com/profile.php?id=100005524817863,
p76,,https://instagram.com/_madrid.ista,https://www.facebook.com/profile.php?id=100015801815811,
p77,https://twitter.com/shreyan86528522,https://www.instagram.com/the_coolshr/,https://www.facebook.com/shreyansh.agarwal.1612/,
p78,,,,
p79,,Swayamtds,Swayamtds,
p80,https://twitter.com/sarthak2134,https://www.instagram.com/sarthakaggarwal_2134/,https://www.facebook.com/sarthak.aggarwal.15.02/,
p81,https://twitter.com/sharathbpai,https://www.instagram.com/sharathbpai,,
p82,,,,
p83,https://twitter.com/j_koundinya_v,,,
p84,,,,
p85,https://twitter.com/saurav_chhatani,https://instagram.com/sauravchhatani,https://facebook.com/sauravchhatani,
p86,dne,https://www.instagram.com/darklight__420/,https://www.facebook.com/adarsh.zucczucc/,
p87,https://twitter.com/VictorKnox99,https://www.instagram.com/victor_knox_/,https://www.facebook.com/vamshi.bogiri/,
p88,https://twitter.com/krish01655523,https://www.instagram.com/krishvamshi236/,,
p89,,https://www.instagram.com/arsh_kumbhat,,
p90,,,,
p91,,besu0113,,
p92,https://twitter.com/PravA20164187,https://www.instagram.com/_prav__agarwal_/,https://www.facebook.com/prav.agarwal.9083,
p93,https://twitter.com/skyy_r7,,,
p94,,https://instagram.com/_akash.js,https://m.facebook.com/100057592849228/,
p95,,https://instagram.com/_anya_tiwari_,,
p96,,https://instagram.com/kul_dutt_53,,
p97,https://twitter.com/franky_sagan,instagram.com/franky_sagan,,
p98,https://twitter.com/slomo_sapien,https://www.instagram.com/fomo.sapien_/,https://www.facebook.com/pahulpreetsingh01/,
p99,https://twitter.com/ooyeeePatel,,,
p100,https://www.instagram.com/haveyoumetdivit/,https://twitter.com/haveyoumetdivit/following,https://www.facebook.com/divit.gupta.3/,
p101,,,,
p102,,https://www.instagram.com/jatingupta5jan/,,
p103,,,https://www.facebook.com/adhiraj.deshmukh.01,
p104,,https://instagram.com/chaaruu90,,
p105,https://twitter.com/DharmikBatra,.,.,
p106,https://twitter.com/PulkitRega,,,
p107,,https://instagram.com/carbon._.creations,,
p108,https://twitter.com/suyashthegreat,https://www.instagram.com/suyashsethia/,,
p109,,https://www.instagram.com/aarv0404/,https://www.facebook.com/profile.php?id=100077700686253,
p110,,,,
p111,,https://www.instagram.com/ornobesque/,https://www.facebook.com/arb.tribedi.56,
p112,,poojitha_mittapalli,Poojitha Mittapalli,
p113,,https://instagram.com/theshreeyasingh?igshid=YmMyMTA2M2Y=,https://www.facebook.com/shreeya.singh.7311,
p114,https://twitter.com/athrv_joshi,https://www.instagram.com/athrv_joshi/?hl=en,https://www.facebook.com/atharva.joshi.14661,
p115,,,,
p116,,,,
p117,https://twitter.com/sb_071,,https://www.facebook.com/chesterpark.bennington.31,
p118,,https://www.instagram.com/sambasai_03/,https://www.facebook.com/sambasaireddy.andem.7/,
p119,https://twitter.com/apex_pilot,https://www.instagram.com/error_compiling/,https://www.facebook.com/besthumanonearth/,
p120,https://twitter.com/_visheshjain_,https://www.instagram.com/vishesh._.jain/,https://www.facebook.com/visheshjain27/,
p121,,https://www.instagram.com/sreeja.stop,,
p122,https://twitter.com/arya_suneesh,arya_suneesh,https://www.facebook.com/profile.php?id=100067199810055,
p123,,,,
p124,,https://www.instagram.com/_.sovietunion/,https://www.facebook.com/soveet.yak,
p125,https://twitter.com/srisatyaviy,https://instagram.com/srisatyaviy,https://facebook.com/srisatyaviy,
p126,,,Gaurav Bhole,
p127,https://twitter.com/rahulm42,https://www.instagram.com/rahul.mallavarapu/,https://www.facebook.com/rahul.mallavarapu.3,
p128,https://twitter.com/Amitchougule121,https://www.instagram.com/_the_wolf_guy/,https://www.facebook.com/AmitChougule.phd/,
p129,MarikAritra,,,
p130,,https://instagram.com/ninjarude,https://www.facebook.com/shubham.patsani,
p131,,https://instagram.com/divyansh_ag_2003,,
p132,,https://www.instagram.com/i_am._.ap/,https://www.facebook.com/anubhav.pal.961,
p133,https://twitter.com/Rajdeep59151337,https://instagram.com/rajdeep.chatterjee1902,https://facebook.com/100027727194026,
p134,,,,
p135,,ragavi.muthukrishn,,
p136,,https://www.instagram.com/nikhil_agrawal.22/,https://www.facebook.com/nikhilagrawal.786,
p137,,,https://www.facebook.com/sruja.vanka.58/,
p138,https://twitter.com/DedhiaYug,https://www.instagram.com/yugdedhia/,https://www.facebook.com/yug.dedhia.54/,
p139,https://twitter.com/dua_ash,https://instagram.com/ash.dua,,
p140,https://twitter.com/AshishRai96,https://instagram.com/ashiiissshhh,https://facebook.com/ashishrai.game,
p141,56,102,78,
